{
    "train_and_valid": 260.3655179,
    "test": 19.17799690000004
}