{
    "train_and_valid": 1382.1815346,
    "test": 222.5195656000004
}