{
    "train_and_valid": 311.26353580000006,
    "test": 12.812492800000086
}