{
    "best f1 under pa": {
        "f1": 0.939761171488012,
        "precision": 0.9624890215658118,
        "recall": 0.9259852215692818
    },
    "event-based f1 under pa with mode log": {
        "f1": 0.6949397408718023,
        "precision": 0.7246189729810418,
        "recall": 0.70949081166867
    },
    "event-based f1 under pa with mode squeeze": {
        "f1": 0.5662629118769463,
        "precision": 0.6043650793650793,
        "recall": 0.6400720491629581
    }
}