{
    "train_and_valid": 27.012951799999996,
    "test": 13.7600002
}