{
    "machine-1-1": {
        "best f1 under pa": {
            "f1": 0.9996343692870195,
            "precision": 0.9992690058479532,
            "recall": 1.0,
            "threshold": 1.626029849814003e-06
        },
        "event-based f1 under pa with mode log": {
            "f1": 0.9696969696969692,
            "precision": 0.9411764705882353,
            "recall": 1.0,
            "threshold": 1.626029849814003e-06
        },
        "event-based f1 under pa with mode squeeze": {
            "f1": 0.8888888888888881,
            "precision": 0.7999999999999998,
            "recall": 0.9999999999999998,
            "threshold": 1.626029849814003e-06
        }
    },
    "machine-1-2": {
        "best f1 under pa": {
            "f1": 0.895652173913043,
            "precision": 0.9229390681003584,
            "recall": 0.8699324324324325,
            "threshold": 0.03773322318414965
        },
        "event-based f1 under pa with mode log": {
            "f1": 0.7457627118644062,
            "precision": 0.7586206896551724,
            "recall": 0.7333333333333333,
            "threshold": 0.10342490272476244
        },
        "event-based f1 under pa with mode squeeze": {
            "f1": 0.5833333333333327,
            "precision": 0.49999999999999994,
            "recall": 0.6999999999999998,
            "threshold": 0.10342490272476244
        }
    },
    "machine-1-3": {
        "best f1 under pa": {
            "f1": 0.6946349334409031,
            "precision": 0.5374531835205992,
            "recall": 0.9817559863169898,
            "threshold": 1.3263343583820066e-05
        },
        "event-based f1 under pa with mode log": {
            "f1": 0.29787234042553157,
            "precision": 0.6363636363636362,
            "recall": 0.19444444444444445,
            "threshold": 0.00041486791175461877
        },
        "event-based f1 under pa with mode squeeze": {
            "f1": 0.22222222222222174,
            "precision": 0.33333333333333326,
            "recall": 0.16666666666666663,
            "threshold": 0.00041486791175461877
        }
    },
    "machine-1-4": {
        "best f1 under pa": {
            "f1": 0.6663720724701718,
            "precision": 0.5084288604180714,
            "recall": 0.9666666666666667,
            "threshold": 6.967789279658261e-06
        },
        "event-based f1 under pa with mode log": {
            "f1": 0.2325581395348835,
            "precision": 0.9999999999999998,
            "recall": 0.13157894736842105,
            "threshold": 0.49610331125303764
        },
        "event-based f1 under pa with mode squeeze": {
            "f1": 0.28571428571428537,
            "precision": 0.9999999999999996,
            "recall": 0.16666666666666663,
            "threshold": 0.49610331125303764
        }
    },
    "machine-1-5": {
        "best f1 under pa": {
            "f1": 0.7441860465116273,
            "precision": 1.0,
            "recall": 0.5925925925925926,
            "threshold": 0.33732332778529844
        },
        "event-based f1 under pa with mode log": {
            "f1": 0.7199999999999994,
            "precision": 0.9999999999999998,
            "recall": 0.5625,
            "threshold": 0.33732332778529844
        },
        "event-based f1 under pa with mode squeeze": {
            "f1": 0.7272727272727267,
            "precision": 0.9999999999999998,
            "recall": 0.5714285714285714,
            "threshold": 0.33732332778529844
        }
    },
    "machine-1-6": {
        "best f1 under pa": {
            "f1": 0.9847874138603557,
            "precision": 0.987998956430994,
            "recall": 0.9815966822187662,
            "threshold": 0.03756272209860421
        },
        "event-based f1 under pa with mode log": {
            "f1": 0.6575342465753419,
            "precision": 0.6153846153846154,
            "recall": 0.7058823529411765,
            "threshold": 0.039168757184622136
        },
        "event-based f1 under pa with mode squeeze": {
            "f1": 0.4999999999999995,
            "precision": 0.4,
            "recall": 0.6666666666666666,
            "threshold": 0.039168757184622136
        }
    },
    "machine-1-7": {
        "best f1 under pa": {
            "f1": 0.996347402597402,
            "precision": 0.9959432048681541,
            "recall": 0.9967519285424279,
            "threshold": 0.0004997282420622549
        },
        "event-based f1 under pa with mode log": {
            "f1": 0.9024390243902434,
            "precision": 0.9024390243902439,
            "recall": 0.9024390243902439,
            "threshold": 0.000736120395140966
        },
        "event-based f1 under pa with mode squeeze": {
            "f1": 0.7857142857142851,
            "precision": 0.7333333333333333,
            "recall": 0.846153846153846,
            "threshold": 0.000736120395140966
        }
    },
    "machine-1-8": {
        "best f1 under pa": {
            "f1": 0.9513513513513508,
            "precision": 0.9875311720698254,
            "recall": 0.9177288528389339,
            "threshold": 0.01738634247491231
        },
        "event-based f1 under pa with mode log": {
            "f1": 0.7586206896551719,
            "precision": 0.868421052631579,
            "recall": 0.673469387755102,
            "threshold": 0.018558682640002516
        },
        "event-based f1 under pa with mode squeeze": {
            "f1": 0.6486486486486481,
            "precision": 0.7058823529411765,
            "recall": 0.6,
            "threshold": 0.018558682640002516
        }
    }
}