{
    "train_and_valid": 26.7094954,
    "test": 11.4726731
}