{
    "train_and_valid": 275.33550540000016,
    "test": 34.362903000000074
}