{
    "train_and_valid": 1238.4625209999995,
    "test": 1060.7330489999995
}