{
    "train_and_valid": 1679.866322599999,
    "test": 1404.6742876999979
}