{
    "train_and_valid": 0.001314900000001451,
    "test": 0.04240780000000122
}