{
    "train_and_valid": 0.00019219999999897652,
    "test": 0.02710289999999871
}