{
    "train_and_valid": 0.0011605000000001198,
    "test": 0.032430700000001256
}