{
    "train_and_valid": 680.7438877999999,
    "test": 329.2102052999999
}