{
    "train_and_valid": 446.5760061,
    "test": 593.3896686
}