{
    "train_and_valid": 29.87405859999997,
    "test": 17.640353100000013
}