{
    "train_and_valid": 301.704462,
    "test": 21.35173619999989
}