{
    "train_and_valid": 675.2514147000006,
    "test": 814.1898434000004
}