{
    "train_and_valid": 265.4356819,
    "test": 10.265900899999927
}