{
    "machine-1-1": {
        "best f1 under pa": {
            "f1": 0.9955947136563872,
            "precision": 0.9992630803242447,
            "recall": 0.991953182150695,
            "threshold": 0.0006599908703435284
        },
        "event-based f1 under pa with mode log": {
            "f1": 0.866666666666666,
            "precision": 0.9285714285714286,
            "recall": 0.8125,
            "threshold": 0.0006599908703435284
        },
        "event-based f1 under pa with mode squeeze": {
            "f1": 0.6666666666666661,
            "precision": 0.7142857142857142,
            "recall": 0.6249999999999999,
            "threshold": 0.0006599908703435284
        }
    },
    "machine-1-2": {
        "best f1 under pa": {
            "f1": 0.5383747178329567,
            "precision": 0.40423728813559323,
            "recall": 0.8057432432432432,
            "threshold": 0.04310280365559778
        },
        "event-based f1 under pa with mode log": {
            "f1": 0.33333333333333304,
            "precision": 0.9999999999999999,
            "recall": 0.2,
            "threshold": 0.911559295778929
        },
        "event-based f1 under pa with mode squeeze": {
            "f1": 0.3333333333333329,
            "precision": 0.9999999999999996,
            "recall": 0.19999999999999996,
            "threshold": 0.911559295778929
        }
    },
    "machine-1-3": {
        "best f1 under pa": {
            "f1": 0.2981715893108293,
            "precision": 0.3889908256880734,
            "recall": 0.24173318129988597,
            "threshold": 0.2631489270825785
        },
        "event-based f1 under pa with mode log": {
            "f1": 0.19999999999999976,
            "precision": 0.9999999999999998,
            "recall": 0.1111111111111111,
            "threshold": 1.0
        },
        "event-based f1 under pa with mode squeeze": {
            "f1": 0.15384615384615363,
            "precision": 0.9999999999999989,
            "recall": 0.08333333333333331,
            "threshold": 1.0
        }
    },
    "machine-1-4": {
        "best f1 under pa": {
            "f1": 0.14064362336114408,
            "precision": 1.0,
            "recall": 0.07564102564102564,
            "threshold": 0.29724459584035534
        },
        "event-based f1 under pa with mode log": {
            "f1": 0.2325581395348835,
            "precision": 0.9999999999999998,
            "recall": 0.13157894736842105,
            "threshold": 0.29724459584035534
        },
        "event-based f1 under pa with mode squeeze": {
            "f1": 0.28571428571428537,
            "precision": 0.9999999999999996,
            "recall": 0.16666666666666663,
            "threshold": 0.29724459584035534
        }
    },
    "machine-1-5": {
        "best f1 under pa": {
            "f1": 0.2119205298013243,
            "precision": 1.0,
            "recall": 0.11851851851851852,
            "threshold": 1.0
        },
        "event-based f1 under pa with mode log": {
            "f1": 0.222222222222222,
            "precision": 0.9999999999999996,
            "recall": 0.125,
            "threshold": 1.0
        },
        "event-based f1 under pa with mode squeeze": {
            "f1": 0.2499999999999997,
            "precision": 0.9999999999999989,
            "recall": 0.14285714285714285,
            "threshold": 1.0
        }
    },
    "machine-1-6": {
        "best f1 under pa": {
            "f1": 0.9645669291338578,
            "precision": 0.9768740031897927,
            "recall": 0.9525660964230172,
            "threshold": 0.8131035121975486
        },
        "event-based f1 under pa with mode log": {
            "f1": 0.436781609195402,
            "precision": 1.0,
            "recall": 0.27941176470588236,
            "threshold": 0.8777447773571239
        },
        "event-based f1 under pa with mode squeeze": {
            "f1": 0.421052631578947,
            "precision": 0.9999999999999998,
            "recall": 0.26666666666666666,
            "threshold": 0.8777447773571239
        }
    },
    "machine-1-7": {
        "best f1 under pa": {
            "f1": 0.9155102040816321,
            "precision": 0.9203939269593763,
            "recall": 0.9106780349167681,
            "threshold": 0.8013157690567625
        },
        "event-based f1 under pa with mode log": {
            "f1": 0.2553191489361699,
            "precision": 0.9999999999999999,
            "recall": 0.14634146341463414,
            "threshold": 1.0
        },
        "event-based f1 under pa with mode squeeze": {
            "f1": 0.14285714285714268,
            "precision": 0.9999999999999989,
            "recall": 0.07692307692307691,
            "threshold": 1.0
        }
    },
    "machine-1-8": {
        "best f1 under pa": {
            "f1": 0.550492610837438,
            "precision": 0.5873850197109067,
            "recall": 0.5179606025492468,
            "threshold": 0.29270550052377814
        },
        "event-based f1 under pa with mode log": {
            "f1": 0.043126684636118365,
            "precision": 0.024844720496894408,
            "recall": 0.16326530612244897,
            "threshold": 0.29270550052377814
        },
        "event-based f1 under pa with mode squeeze": {
            "f1": 0.011904761904761791,
            "precision": 0.006329113924050633,
            "recall": 0.1,
            "threshold": 0.29270550052377814
        }
    }
}