{
    "machine-3-1": {
        "best f1 under pa": {
            "f1": 0.9358974358974353,
            "precision": 0.9864864864864865,
            "recall": 0.8902439024390244,
            "threshold": 7.611158742453042e-05
        },
        "event-based f1 under pa with mode log": {
            "f1": 0.7586206896551717,
            "precision": 0.7333333333333333,
            "recall": 0.7857142857142856,
            "threshold": 7.611158742453042e-05
        },
        "event-based f1 under pa with mode squeeze": {
            "f1": 0.5714285714285707,
            "precision": 0.6666666666666665,
            "recall": 0.4999999999999999,
            "threshold": 0.003321367632426377
        }
    },
    "machine-3-10": {
        "best f1 under pa": {
            "f1": 0.948918545789231,
            "precision": 0.9717247879359096,
            "recall": 0.927158273381295,
            "threshold": 0.0071846320308785495
        },
        "event-based f1 under pa with mode log": {
            "f1": 0.8311688311688307,
            "precision": 0.8205128205128205,
            "recall": 0.8421052631578947,
            "threshold": 0.01586758818032404
        },
        "event-based f1 under pa with mode squeeze": {
            "f1": 0.7096774193548381,
            "precision": 0.6111111111111112,
            "recall": 0.846153846153846,
            "threshold": 0.01586758818032404
        }
    },
    "machine-3-11": {
        "best f1 under pa": {
            "f1": 0.9999999999999996,
            "precision": 1.0,
            "recall": 1.0,
            "threshold": 0.08452207114329481
        },
        "event-based f1 under pa with mode log": {
            "f1": 0.9999999999999993,
            "precision": 0.9999999999999998,
            "recall": 0.9999999999999998,
            "threshold": 0.08452207114329481
        },
        "event-based f1 under pa with mode squeeze": {
            "f1": 0.9999999999999991,
            "precision": 0.9999999999999997,
            "recall": 0.9999999999999997,
            "threshold": 0.08452207114329481
        }
    },
    "machine-3-2": {
        "best f1 under pa": {
            "f1": 0.9909443725743848,
            "precision": 0.9905172413793103,
            "recall": 0.99137187230371,
            "threshold": 0.07620541777691427
        },
        "event-based f1 under pa with mode log": {
            "f1": 0.8148148148148142,
            "precision": 0.88,
            "recall": 0.7586206896551724,
            "threshold": 0.12691594026461564
        },
        "event-based f1 under pa with mode squeeze": {
            "f1": 0.7499999999999993,
            "precision": 0.9999999999999999,
            "recall": 0.5999999999999999,
            "threshold": 0.17565714736584193
        }
    },
    "machine-3-3": {
        "best f1 under pa": {
            "f1": 0.944634313055365,
            "precision": 0.985734664764622,
            "recall": 0.9068241469816273,
            "threshold": 0.022393356279153186
        },
        "event-based f1 under pa with mode log": {
            "f1": 0.8318584070796455,
            "precision": 0.8245614035087719,
            "recall": 0.8392857142857143,
            "threshold": 0.022393356279153186
        },
        "event-based f1 under pa with mode squeeze": {
            "f1": 0.7586206896551718,
            "precision": 0.6875,
            "recall": 0.8461538461538461,
            "threshold": 0.022393356279153186
        }
    },
    "machine-3-4": {
        "best f1 under pa": {
            "f1": 0.9277807063784917,
            "precision": 1.0,
            "recall": 0.8652900688298918,
            "threshold": 0.1254705569614288
        },
        "event-based f1 under pa with mode log": {
            "f1": 0.6666666666666661,
            "precision": 0.9999999999999999,
            "recall": 0.5,
            "threshold": 0.1254705569614288
        },
        "event-based f1 under pa with mode squeeze": {
            "f1": 0.545454545454545,
            "precision": 0.9999999999999997,
            "recall": 0.37499999999999994,
            "threshold": 0.1254705569614288
        }
    },
    "machine-3-5": {
        "best f1 under pa": {
            "f1": 0.7571059431524543,
            "precision": 1.0,
            "recall": 0.6091476091476091,
            "threshold": 0.13549017350004347
        },
        "event-based f1 under pa with mode log": {
            "f1": 0.7272727272727267,
            "precision": 1.0,
            "recall": 0.5714285714285714,
            "threshold": 0.13549017350004347
        },
        "event-based f1 under pa with mode squeeze": {
            "f1": 0.7058823529411757,
            "precision": 0.9999999999999999,
            "recall": 0.5454545454545454,
            "threshold": 0.13549017350004347
        }
    },
    "machine-3-6": {
        "best f1 under pa": {
            "f1": 0.9980023971234514,
            "precision": 0.9960127591706539,
            "recall": 1.0,
            "threshold": 0.005965238406218548
        },
        "event-based f1 under pa with mode log": {
            "f1": 0.9382716049382711,
            "precision": 0.8837209302325582,
            "recall": 1.0,
            "threshold": 0.005965238406218548
        },
        "event-based f1 under pa with mode squeeze": {
            "f1": 0.8148148148148141,
            "precision": 0.6875,
            "recall": 0.9999999999999999,
            "threshold": 0.005965238406218548
        }
    },
    "machine-3-7": {
        "best f1 under pa": {
            "f1": 0.9509269356597595,
            "precision": 0.9519650655021834,
            "recall": 0.9498910675381264,
            "threshold": 6.16656559677403e-06
        },
        "event-based f1 under pa with mode log": {
            "f1": 0.7142857142857137,
            "precision": 0.7692307692307692,
            "recall": 0.6666666666666666,
            "threshold": 2.3041863727249847e-05
        },
        "event-based f1 under pa with mode squeeze": {
            "f1": 0.5714285714285708,
            "precision": 0.9999999999999996,
            "recall": 0.3999999999999999,
            "threshold": 0.0011849693961582728
        }
    },
    "machine-3-8": {
        "best f1 under pa": {
            "f1": 0.9302788844621509,
            "precision": 0.8696461824953445,
            "recall": 1.0,
            "threshold": 0.024384983948387725
        },
        "event-based f1 under pa with mode log": {
            "f1": 0.6976744186046506,
            "precision": 0.7894736842105263,
            "recall": 0.625,
            "threshold": 0.09606941466536914
        },
        "event-based f1 under pa with mode squeeze": {
            "f1": 0.5714285714285707,
            "precision": 0.4999999999999999,
            "recall": 0.6666666666666665,
            "threshold": 0.09606941466536914
        }
    },
    "machine-3-9": {
        "best f1 under pa": {
            "f1": 0.9273021001615503,
            "precision": 0.9695945945945946,
            "recall": 0.8885448916408669,
            "threshold": 7.859049975935374e-05
        },
        "event-based f1 under pa with mode log": {
            "f1": 0.6666666666666661,
            "precision": 0.9999999999999999,
            "recall": 0.49999999999999994,
            "threshold": 0.025524382808342686
        },
        "event-based f1 under pa with mode squeeze": {
            "f1": 0.666666666666666,
            "precision": 0.9999999999999996,
            "recall": 0.4999999999999999,
            "threshold": 0.025524382808342686
        }
    }
}