{
    "best f1 under pa": {
        "f1": 0.9374356031140251,
        "precision": 0.9746983438481004,
        "recall": 0.9116792574783775
    },
    "event-based f1 under pa with mode log": {
        "f1": 0.7861182310139231,
        "precision": 0.881893903729889,
        "recall": 0.7353473809916641
    },
    "event-based f1 under pa with mode squeeze": {
        "f1": 0.6968547457429929,
        "precision": 0.832070707070707,
        "recall": 0.6617662640389912
    }
}