{
    "best f1 under pa": {
        "f1": 0.9392349274212389,
        "precision": 0.9853481810603981,
        "recall": 0.9037568966148402
    },
    "event-based f1 under pa with mode log": {
        "f1": 0.7685030766970358,
        "precision": 0.8180093461926841,
        "recall": 0.7661728773344018
    },
    "event-based f1 under pa with mode squeeze": {
        "f1": 0.6542157845057526,
        "precision": 0.7230452296241768,
        "recall": 0.6769177791905063
    }
}