{
    "train_and_valid": 444.7213595,
    "test": 30.432303299999774
}