{
    "machine-2-1": {
        "best f1 under pa": {
            "f1": 0.9764282860567314,
            "precision": 0.9637223974763407,
            "recall": 0.9894736842105263,
            "threshold": 0.0010326040210202336
        },
        "event-based f1 under pa with mode log": {
            "f1": 0.7761194029850741,
            "precision": 0.9629629629629629,
            "recall": 0.65,
            "threshold": 0.008337886072695255
        },
        "event-based f1 under pa with mode squeeze": {
            "f1": 0.7272727272727266,
            "precision": 0.8888888888888887,
            "recall": 0.6153846153846153,
            "threshold": 0.008337886072695255
        }
    },
    "machine-2-2": {
        "best f1 under pa": {
            "f1": 0.9818120006799247,
            "precision": 0.9642737896494157,
            "recall": 1.0,
            "threshold": 0.012209401465952396
        },
        "event-based f1 under pa with mode log": {
            "f1": 0.6511627906976739,
            "precision": 0.5714285714285714,
            "recall": 0.7567567567567568,
            "threshold": 0.08139991760253906
        },
        "event-based f1 under pa with mode squeeze": {
            "f1": 0.42857142857142805,
            "precision": 0.9999999999999997,
            "recall": 0.2727272727272727,
            "threshold": 0.8795884251594543
        }
    },
    "machine-2-3": {
        "best f1 under pa": {
            "f1": 0.9494047619047614,
            "precision": 0.9036827195467422,
            "recall": 1.0,
            "threshold": 3.0051400244701654e-05
        },
        "event-based f1 under pa with mode log": {
            "f1": 0.6799999999999995,
            "precision": 0.7083333333333334,
            "recall": 0.6538461538461539,
            "threshold": 0.0002237783482996747
        },
        "event-based f1 under pa with mode squeeze": {
            "f1": 0.5833333333333327,
            "precision": 0.49999999999999994,
            "recall": 0.6999999999999998,
            "threshold": 0.0002237783482996747
        }
    },
    "machine-2-4": {
        "best f1 under pa": {
            "f1": 0.9969435954431781,
            "precision": 0.9939058171745152,
            "recall": 1.0,
            "threshold": 0.017520751804113388
        },
        "event-based f1 under pa with mode log": {
            "f1": 0.9105691056910563,
            "precision": 0.835820895522388,
            "recall": 1.0,
            "threshold": 0.017520751804113388
        },
        "event-based f1 under pa with mode squeeze": {
            "f1": 0.8372093023255809,
            "precision": 0.782608695652174,
            "recall": 0.9,
            "threshold": 0.028872983530163765
        }
    },
    "machine-2-5": {
        "best f1 under pa": {
            "f1": 0.9796484736355221,
            "precision": 0.9832869080779945,
            "recall": 0.976036866359447,
            "threshold": 0.038546375930309296
        },
        "event-based f1 under pa with mode log": {
            "f1": 0.9320388349514558,
            "precision": 0.9795918367346939,
            "recall": 0.8888888888888888,
            "threshold": 0.13374225795269012
        },
        "event-based f1 under pa with mode squeeze": {
            "f1": 0.9268292682926823,
            "precision": 0.95,
            "recall": 0.9047619047619048,
            "threshold": 0.13374225795269012
        }
    },
    "machine-2-6": {
        "best f1 under pa": {
            "f1": 0.9379450661241092,
            "precision": 0.8831417624521073,
            "recall": 1.0,
            "threshold": 0.0007966032717376947
        },
        "event-based f1 under pa with mode log": {
            "f1": 0.6349206349206343,
            "precision": 0.5263157894736842,
            "recall": 0.8,
            "threshold": 0.0030107805505394936
        },
        "event-based f1 under pa with mode squeeze": {
            "f1": 0.4999999999999995,
            "precision": 0.7499999999999999,
            "recall": 0.37499999999999994,
            "threshold": 0.021798716858029366
        }
    },
    "machine-2-7": {
        "best f1 under pa": {
            "f1": 0.9726562499999994,
            "precision": 0.9822485207100592,
            "recall": 0.9632495164410058,
            "threshold": 0.014109326526522636
        },
        "event-based f1 under pa with mode log": {
            "f1": 0.8705882352941171,
            "precision": 0.925,
            "recall": 0.8222222222222222,
            "threshold": 0.02554105594754219
        },
        "event-based f1 under pa with mode squeeze": {
            "f1": 0.8235294117647053,
            "precision": 0.9999999999999999,
            "recall": 0.7,
            "threshold": 0.04075458645820618
        }
    },
    "machine-2-8": {
        "best f1 under pa": {
            "f1": 0.9999999999999996,
            "precision": 1.0,
            "recall": 1.0,
            "threshold": 1.0
        },
        "event-based f1 under pa with mode log": {
            "f1": 0.9999999999999993,
            "precision": 0.9999999999999998,
            "recall": 0.9999999999999998,
            "threshold": 1.0
        },
        "event-based f1 under pa with mode squeeze": {
            "f1": 0.9999999999999983,
            "precision": 0.9999999999999989,
            "recall": 0.9999999999999989,
            "threshold": 1.0
        }
    },
    "machine-2-9": {
        "best f1 under pa": {
            "f1": 0.9445316588173727,
            "precision": 0.894893406048587,
            "recall": 1.0,
            "threshold": 6.25180064162123e-07
        },
        "event-based f1 under pa with mode log": {
            "f1": 0.7540983606557371,
            "precision": 0.9583333333333334,
            "recall": 0.6216216216216216,
            "threshold": 0.1004289910197258
        },
        "event-based f1 under pa with mode squeeze": {
            "f1": 0.6249999999999994,
            "precision": 0.8333333333333333,
            "recall": 0.4999999999999999,
            "threshold": 0.1004289910197258
        }
    }
}