{
    "best f1 under pa": {
        "f1": 0.9710411214068443,
        "precision": 0.9521283690150847,
        "recall": 0.992084451890109
    },
    "event-based f1 under pa with mode log": {
        "f1": 0.8010552627995275,
        "precision": 0.8297540803098852,
        "recall": 0.7992595159261826
    },
    "event-based f1 under pa with mode squeeze": {
        "f1": 0.7168606079511615,
        "precision": 0.8560923242082661,
        "recall": 0.6630970880970879
    }
}