{
    "best f1 under pa": {
        "f1": 0.9718326719238676,
        "precision": 0.9537826515983446,
        "recall": 0.992084451890109
    },
    "event-based f1 under pa with mode log": {
        "f1": 0.8111573856377767,
        "precision": 0.8272962351548038,
        "recall": 0.8153088986422321
    },
    "event-based f1 under pa with mode squeeze": {
        "f1": 0.7081495361024117,
        "precision": 0.78328488473416,
        "recall": 0.721165871165871
    }
}