{
    "machine-1-1": {
        "best f1 under pa": {
            "f1": 0.9989039093898423,
            "precision": 0.9978102189781022,
            "recall": 1.0,
            "threshold": 1.8264270733986049e-06
        },
        "event-based f1 under pa with mode log": {
            "f1": 0.9142857142857137,
            "precision": 0.8421052631578947,
            "recall": 1.0,
            "threshold": 1.8264270733986049e-06
        },
        "event-based f1 under pa with mode squeeze": {
            "f1": 0.7272727272727267,
            "precision": 0.5714285714285714,
            "recall": 0.9999999999999998,
            "threshold": 1.8264270733986049e-06
        }
    },
    "machine-1-2": {
        "best f1 under pa": {
            "f1": 0.8809730668983488,
            "precision": 0.9069767441860465,
            "recall": 0.856418918918919,
            "threshold": 0.07141168451668758
        },
        "event-based f1 under pa with mode log": {
            "f1": 0.6153846153846148,
            "precision": 0.5714285714285714,
            "recall": 0.6666666666666666,
            "threshold": 0.1688987000772673
        },
        "event-based f1 under pa with mode squeeze": {
            "f1": 0.3870967741935479,
            "precision": 0.2857142857142857,
            "recall": 0.5999999999999999,
            "threshold": 0.1688987000772673
        }
    },
    "machine-1-3": {
        "best f1 under pa": {
            "f1": 0.9047619047619041,
            "precision": 0.9464508094645081,
            "recall": 0.8665906499429875,
            "threshold": 1.4310799592313009e-05
        },
        "event-based f1 under pa with mode log": {
            "f1": 0.571428571428571,
            "precision": 0.5365853658536586,
            "recall": 0.6111111111111112,
            "threshold": 2.8209683495898284e-05
        },
        "event-based f1 under pa with mode squeeze": {
            "f1": 0.3684210526315785,
            "precision": 0.2692307692307692,
            "recall": 0.5833333333333333,
            "threshold": 2.8209683495898284e-05
        }
    },
    "machine-1-4": {
        "best f1 under pa": {
            "f1": 0.6434463794683771,
            "precision": 0.5007132667617689,
            "recall": 0.9,
            "threshold": 9.273257716761427e-07
        },
        "event-based f1 under pa with mode log": {
            "f1": 0.2325581395348835,
            "precision": 0.9999999999999998,
            "recall": 0.13157894736842105,
            "threshold": 8.314139655603234e-05
        },
        "event-based f1 under pa with mode squeeze": {
            "f1": 0.28571428571428537,
            "precision": 0.9999999999999996,
            "recall": 0.16666666666666663,
            "threshold": 8.314139655603234e-05
        }
    },
    "machine-1-5": {
        "best f1 under pa": {
            "f1": 0.7441860465116273,
            "precision": 1.0,
            "recall": 0.5925925925925926,
            "threshold": 0.6259625733115188
        },
        "event-based f1 under pa with mode log": {
            "f1": 0.7199999999999994,
            "precision": 0.9999999999999998,
            "recall": 0.5625,
            "threshold": 0.6259625733115188
        },
        "event-based f1 under pa with mode squeeze": {
            "f1": 0.7272727272727267,
            "precision": 0.9999999999999998,
            "recall": 0.5714285714285714,
            "threshold": 0.6259625733115188
        }
    },
    "machine-1-6": {
        "best f1 under pa": {
            "f1": 0.990584289952276,
            "precision": 0.9858793324775353,
            "recall": 0.995334370139969,
            "threshold": 0.03513367203903307
        },
        "event-based f1 under pa with mode log": {
            "f1": 0.7619047619047614,
            "precision": 0.7088607594936709,
            "recall": 0.8235294117647058,
            "threshold": 0.05078413069623813
        },
        "event-based f1 under pa with mode squeeze": {
            "f1": 0.6233766233766228,
            "precision": 0.5106382978723404,
            "recall": 0.8,
            "threshold": 0.05078413069623813
        }
    },
    "machine-1-7": {
        "best f1 under pa": {
            "f1": 0.9895203546956867,
            "precision": 0.9823929571828731,
            "recall": 0.9967519285424279,
            "threshold": 0.0006723574211121859
        },
        "event-based f1 under pa with mode log": {
            "f1": 0.7999999999999994,
            "precision": 0.7727272727272727,
            "recall": 0.8292682926829268,
            "threshold": 0.0016754054255348995
        },
        "event-based f1 under pa with mode squeeze": {
            "f1": 0.6060606060606055,
            "precision": 0.5,
            "recall": 0.7692307692307692,
            "threshold": 0.0016754054255348995
        }
    },
    "machine-1-8": {
        "best f1 under pa": {
            "f1": 0.9326113116726829,
            "precision": 0.9699624530663329,
            "recall": 0.8980301274623407,
            "threshold": 0.01721150301238521
        },
        "event-based f1 under pa with mode log": {
            "f1": 0.6444444444444439,
            "precision": 0.7073170731707317,
            "recall": 0.5918367346938775,
            "threshold": 0.018485070771469214
        },
        "event-based f1 under pa with mode squeeze": {
            "f1": 0.5454545454545449,
            "precision": 0.6923076923076922,
            "recall": 0.45,
            "threshold": 0.02417990000722527
        }
    }
}