{
    "train_and_valid": 26117.949901199994,
    "test": 339.12237640000285
}