{
    "machine-1-1": {
        "best f1 under pa": {
            "f1": 0.9957774921975393,
            "precision": 0.9996314043494287,
            "recall": 0.991953182150695,
            "threshold": 0.13954993266473179
        },
        "event-based f1 under pa with mode log": {
            "f1": 0.8813559322033893,
            "precision": 0.9629629629629629,
            "recall": 0.8125,
            "threshold": 0.13954993266473179
        },
        "event-based f1 under pa with mode squeeze": {
            "f1": 0.7142857142857136,
            "precision": 0.8333333333333333,
            "recall": 0.6249999999999999,
            "threshold": 0.13954993266473179
        }
    },
    "machine-1-2": {
        "best f1 under pa": {
            "f1": 0.891603053435114,
            "precision": 0.8133704735376045,
            "recall": 0.9864864864864865,
            "threshold": 0.13086949205725293
        },
        "event-based f1 under pa with mode log": {
            "f1": 0.7333333333333327,
            "precision": 0.7333333333333333,
            "recall": 0.7333333333333333,
            "threshold": 0.1918103593275698
        },
        "event-based f1 under pa with mode squeeze": {
            "f1": 0.5599999999999994,
            "precision": 0.4666666666666666,
            "recall": 0.6999999999999998,
            "threshold": 0.1918103593275698
        }
    },
    "machine-1-3": {
        "best f1 under pa": {
            "f1": 0.8480278422273777,
            "precision": 0.8630460448642266,
            "recall": 0.8335233751425314,
            "threshold": 0.11135896737096548
        },
        "event-based f1 under pa with mode log": {
            "f1": 0.4210526315789469,
            "precision": 0.4,
            "recall": 0.4444444444444444,
            "threshold": 0.12734600516104627
        },
        "event-based f1 under pa with mode squeeze": {
            "f1": 0.28571428571428537,
            "precision": 0.9999999999999996,
            "recall": 0.16666666666666663,
            "threshold": 0.1395356513629528
        }
    },
    "machine-1-4": {
        "best f1 under pa": {
            "f1": 0.8433889602053909,
            "precision": 0.8444730077120822,
            "recall": 0.8423076923076923,
            "threshold": 0.14562870242656975
        },
        "event-based f1 under pa with mode log": {
            "f1": 0.5245901639344257,
            "precision": 0.6956521739130435,
            "recall": 0.42105263157894735,
            "threshold": 0.15586202409867417
        },
        "event-based f1 under pa with mode squeeze": {
            "f1": 0.4705882352941171,
            "precision": 0.7999999999999998,
            "recall": 0.33333333333333326,
            "threshold": 0.15781021096467718
        }
    },
    "machine-1-5": {
        "best f1 under pa": {
            "f1": 0.7811447811447806,
            "precision": 0.7160493827160493,
            "recall": 0.8592592592592593,
            "threshold": 0.15183720935646886
        },
        "event-based f1 under pa with mode log": {
            "f1": 0.7199999999999994,
            "precision": 0.9999999999999998,
            "recall": 0.5625,
            "threshold": 0.3971299771771526
        },
        "event-based f1 under pa with mode squeeze": {
            "f1": 0.7272727272727267,
            "precision": 0.9999999999999998,
            "recall": 0.5714285714285714,
            "threshold": 0.3971299771771526
        }
    },
    "machine-1-6": {
        "best f1 under pa": {
            "f1": 0.9652034261241965,
            "precision": 0.9977863862755949,
            "recall": 0.9346811819595645,
            "threshold": 0.21371078311091635
        },
        "event-based f1 under pa with mode log": {
            "f1": 0.41666666666666624,
            "precision": 0.7142857142857143,
            "recall": 0.29411764705882354,
            "threshold": 0.21371078311091635
        },
        "event-based f1 under pa with mode squeeze": {
            "f1": 0.27272727272727226,
            "precision": 0.4285714285714285,
            "recall": 0.2,
            "threshold": 0.21371078311091635
        }
    },
    "machine-1-7": {
        "best f1 under pa": {
            "f1": 0.9692432213678667,
            "precision": 0.9661153691004437,
            "recall": 0.9723913926106375,
            "threshold": 0.10887700279462324
        },
        "event-based f1 under pa with mode log": {
            "f1": 0.4905660377358485,
            "precision": 0.4,
            "recall": 0.6341463414634146,
            "threshold": 0.12856269219842065
        },
        "event-based f1 under pa with mode squeeze": {
            "f1": 0.2666666666666664,
            "precision": 0.9999999999999996,
            "recall": 0.15384615384615383,
            "threshold": 0.9287747481746198
        }
    },
    "machine-1-8": {
        "best f1 under pa": {
            "f1": 0.9158536585365848,
            "precision": 0.9665379665379665,
            "recall": 0.8702201622247973,
            "threshold": 0.12179631352750925
        },
        "event-based f1 under pa with mode log": {
            "f1": 0.5494505494505488,
            "precision": 0.5952380952380952,
            "recall": 0.5102040816326531,
            "threshold": 0.12539952699730436
        },
        "event-based f1 under pa with mode squeeze": {
            "f1": 0.3870967741935479,
            "precision": 0.5454545454545454,
            "recall": 0.3,
            "threshold": 0.13364483606043706
        }
    }
}