{
    "train_and_valid": 1149.9349863000004,
    "test": 947.3606117
}