{
    "train_and_valid": 521.3118349000001,
    "test": 8.037113500000032
}