{
    "train_and_valid": 483.35599279999985,
    "test": 7.2189498000000185
}