{
    "train_and_valid": 426.8550403,
    "test": 27.797943600000018
}