{
    "train_and_valid": 1794.9788718000004,
    "test": 48.51459089999935
}