{
    "train_and_valid": 585.8723484000001,
    "test": 44.25322060000008
}