{
    "machine-1-1": {
        "best f1 under pa": {
            "f1": 0.22862923621648942,
            "precision": 0.12920438303954265,
            "recall": 0.991953182150695,
            "threshold": 6.733513373546884e-07
        },
        "event-based f1 under pa with mode log": {
            "f1": 0.003041680528491988,
            "precision": 0.0015231567423485172,
            "recall": 1.0,
            "threshold": 2.1634109614865338e-08
        },
        "event-based f1 under pa with mode squeeze": {
            "f1": 0.0007621588148430421,
            "precision": 0.00038122468429830833,
            "recall": 0.9999999999999998,
            "threshold": 2.1634109614865338e-08
        }
    },
    "machine-1-2": {
        "best f1 under pa": {
            "f1": 0.5574534161490677,
            "precision": 0.5158045977011494,
            "recall": 0.606418918918919,
            "threshold": 0.015069232322275639
        },
        "event-based f1 under pa with mode log": {
            "f1": 0.08355091383811997,
            "precision": 0.0453257790368272,
            "recall": 0.5333333333333333,
            "threshold": 0.015069232322275639
        },
        "event-based f1 under pa with mode squeeze": {
            "f1": 0.028409090909090853,
            "precision": 0.014619883040935672,
            "recall": 0.4999999999999999,
            "threshold": 0.015069232322275639
        }
    },
    "machine-1-3": {
        "best f1 under pa": {
            "f1": 0.08913158358287818,
            "precision": 0.04698526680698279,
            "recall": 0.8654503990877993,
            "threshold": 2.3526088170910953e-06
        },
        "event-based f1 under pa with mode log": {
            "f1": 0.013483146067415581,
            "precision": 0.007334963325183374,
            "recall": 0.08333333333333333,
            "threshold": 0.00023622442677151412
        },
        "event-based f1 under pa with mode squeeze": {
            "f1": 0.004773269689737414,
            "precision": 0.002457002457002457,
            "recall": 0.08333333333333331,
            "threshold": 0.00023622442677151412
        }
    },
    "machine-1-4": {
        "best f1 under pa": {
            "f1": 0.08386158767083444,
            "precision": 0.04392324093816631,
            "recall": 0.9243589743589744,
            "threshold": 4.411848806284979e-07
        },
        "event-based f1 under pa with mode log": {
            "f1": 0.013422818791946152,
            "precision": 0.007334963325183374,
            "recall": 0.07894736842105263,
            "threshold": 0.00019199344387743622
        },
        "event-based f1 under pa with mode squeeze": {
            "f1": 0.004773269689737414,
            "precision": 0.002457002457002457,
            "recall": 0.08333333333333331,
            "threshold": 0.00019199344387743622
        }
    },
    "machine-1-5": {
        "best f1 under pa": {
            "f1": 0.06802721088435325,
            "precision": 0.06289308176100629,
            "recall": 0.07407407407407407,
            "threshold": 0.0010647118324413896
        },
        "event-based f1 under pa with mode log": {
            "f1": 0.023952095808383058,
            "precision": 0.013245033112582781,
            "recall": 0.125,
            "threshold": 0.0010647118324413896
        },
        "event-based f1 under pa with mode squeeze": {
            "f1": 0.01273885350318463,
            "precision": 0.006666666666666667,
            "recall": 0.14285714285714285,
            "threshold": 0.0010647118324413896
        }
    },
    "machine-1-6": {
        "best f1 under pa": {
            "f1": 0.9014806378132113,
            "precision": 1.0,
            "recall": 0.8206324520476931,
            "threshold": 1.0
        },
        "event-based f1 under pa with mode log": {
            "f1": 0.18666666666666648,
            "precision": 0.9999999999999999,
            "recall": 0.10294117647058823,
            "threshold": 1.0
        },
        "event-based f1 under pa with mode squeeze": {
            "f1": 0.064516129032258,
            "precision": 0.9999999999999989,
            "recall": 0.03333333333333333,
            "threshold": 1.0
        }
    },
    "machine-1-7": {
        "best f1 under pa": {
            "f1": 0.43565480696442055,
            "precision": 0.28402220851326343,
            "recall": 0.9346325619163621,
            "threshold": 0.00036210924736224115
        },
        "event-based f1 under pa with mode log": {
            "f1": 0.0810810810810806,
            "precision": 0.09090909090909091,
            "recall": 0.07317073170731707,
            "threshold": 0.0013061156496405602
        },
        "event-based f1 under pa with mode squeeze": {
            "f1": 0.04545454545454503,
            "precision": 0.03225806451612903,
            "recall": 0.07692307692307691,
            "threshold": 0.0013061156496405602
        }
    },
    "machine-1-8": {
        "best f1 under pa": {
            "f1": 0.4071673656118943,
            "precision": 0.3034090909090909,
            "recall": 0.6187717265353418,
            "threshold": 0.0020163869485259056
        },
        "event-based f1 under pa with mode log": {
            "f1": 0.053030303030302726,
            "precision": 0.03255813953488372,
            "recall": 0.14285714285714285,
            "threshold": 0.0037277843803167343
        },
        "event-based f1 under pa with mode squeeze": {
            "f1": 0.01759530791788845,
            "precision": 0.009345794392523364,
            "recall": 0.15,
            "threshold": 0.002760671079158783
        }
    }
}