{
    "best f1 under pa": {
        "f1": 0.8636300928863623,
        "precision": 0.8301517613315826,
        "recall": 0.9390484922180914
    },
    "event-based f1 under pa with mode log": {
        "f1": 0.4692029063566218,
        "precision": 0.6002575751879271,
        "recall": 0.5946680965737227
    },
    "event-based f1 under pa with mode squeeze": {
        "f1": 0.34881704227405663,
        "precision": 0.5573290459669608,
        "recall": 0.40313095994914167
    }
}