{
    "machine-3-1": {
        "best f1 under pa": {
            "f1": 0.9661266568483057,
            "precision": 0.9344729344729344,
            "recall": 1.0,
            "threshold": 6.199422513371534e-05
        },
        "event-based f1 under pa with mode log": {
            "f1": 0.6666666666666661,
            "precision": 0.9999999999999999,
            "recall": 0.49999999999999994,
            "threshold": 0.0127914207659401
        },
        "event-based f1 under pa with mode squeeze": {
            "f1": 0.666666666666666,
            "precision": 0.9999999999999996,
            "recall": 0.4999999999999999,
            "threshold": 0.0127914207659401
        }
    },
    "machine-3-10": {
        "best f1 under pa": {
            "f1": 0.93760539629005,
            "precision": 0.8825396825396825,
            "recall": 1.0,
            "threshold": 0.034181915535191426
        },
        "event-based f1 under pa with mode log": {
            "f1": 0.571428571428571,
            "precision": 0.44776119402985076,
            "recall": 0.7894736842105263,
            "threshold": 0.08363280247662229
        },
        "event-based f1 under pa with mode squeeze": {
            "f1": 0.333333333333333,
            "precision": 0.2127659574468085,
            "recall": 0.7692307692307692,
            "threshold": 0.08363280247662229
        }
    },
    "machine-3-11": {
        "best f1 under pa": {
            "f1": 0.9999999999999996,
            "precision": 1.0,
            "recall": 1.0,
            "threshold": 0.07604993584835126
        },
        "event-based f1 under pa with mode log": {
            "f1": 0.9999999999999993,
            "precision": 0.9999999999999998,
            "recall": 0.9999999999999998,
            "threshold": 0.07604993584835126
        },
        "event-based f1 under pa with mode squeeze": {
            "f1": 0.9999999999999991,
            "precision": 0.9999999999999997,
            "recall": 0.9999999999999997,
            "threshold": 0.07604993584835126
        }
    },
    "machine-3-2": {
        "best f1 under pa": {
            "f1": 0.9470989761092146,
            "precision": 0.9367088607594937,
            "recall": 0.9577221742881795,
            "threshold": 0.002142987852554075
        },
        "event-based f1 under pa with mode log": {
            "f1": 0.3999999999999996,
            "precision": 0.29508196721311475,
            "recall": 0.6206896551724138,
            "threshold": 0.0025873142472751043
        },
        "event-based f1 under pa with mode squeeze": {
            "f1": 0.26666666666666616,
            "precision": 0.3999999999999999,
            "recall": 0.19999999999999996,
            "threshold": 0.0067264263080577995
        }
    },
    "machine-3-3": {
        "best f1 under pa": {
            "f1": 0.9281553398058247,
            "precision": 0.9157088122605364,
            "recall": 0.9409448818897638,
            "threshold": 0.018197731999729898
        },
        "event-based f1 under pa with mode log": {
            "f1": 0.648275862068965,
            "precision": 0.5280898876404494,
            "recall": 0.8392857142857143,
            "threshold": 0.034268086171526047
        },
        "event-based f1 under pa with mode squeeze": {
            "f1": 0.48888888888888843,
            "precision": 0.34375,
            "recall": 0.8461538461538461,
            "threshold": 0.034268086171526047
        }
    },
    "machine-3-4": {
        "best f1 under pa": {
            "f1": 0.994621026894865,
            "precision": 0.9892996108949417,
            "recall": 1.0,
            "threshold": 0.0023157179170120836
        },
        "event-based f1 under pa with mode log": {
            "f1": 0.8301886792452824,
            "precision": 0.7586206896551724,
            "recall": 0.9166666666666666,
            "threshold": 0.002525958192046983
        },
        "event-based f1 under pa with mode squeeze": {
            "f1": 0.7142857142857136,
            "precision": 0.8333333333333333,
            "recall": 0.6249999999999999,
            "threshold": 0.004827108772242633
        }
    },
    "machine-3-5": {
        "best f1 under pa": {
            "f1": 0.7392996108949411,
            "precision": 0.9827586206896551,
            "recall": 0.5925155925155925,
            "threshold": 0.15358649977281272
        },
        "event-based f1 under pa with mode log": {
            "f1": 0.5957446808510632,
            "precision": 0.7368421052631579,
            "recall": 0.5,
            "threshold": 0.15358649977281272
        },
        "event-based f1 under pa with mode squeeze": {
            "f1": 0.4761904761904756,
            "precision": 0.4999999999999999,
            "recall": 0.4545454545454545,
            "threshold": 0.15358649977281272
        }
    },
    "machine-3-6": {
        "best f1 under pa": {
            "f1": 0.9849206349206344,
            "precision": 0.97639653815893,
            "recall": 0.9935948759007206,
            "threshold": 0.018211057699064472
        },
        "event-based f1 under pa with mode log": {
            "f1": 0.8358208955223875,
            "precision": 0.9655172413793104,
            "recall": 0.7368421052631579,
            "threshold": 0.08354342311586448
        },
        "event-based f1 under pa with mode squeeze": {
            "f1": 0.7368421052631572,
            "precision": 0.8749999999999998,
            "recall": 0.6363636363636362,
            "threshold": 0.08354342311586448
        }
    },
    "machine-3-7": {
        "best f1 under pa": {
            "f1": 0.952282157676348,
            "precision": 0.9089108910891089,
            "recall": 1.0,
            "threshold": 3.922762917871686e-06
        },
        "event-based f1 under pa with mode log": {
            "f1": 0.6956521739130428,
            "precision": 0.9999999999999998,
            "recall": 0.5333333333333332,
            "threshold": 0.0010043518829029297
        },
        "event-based f1 under pa with mode squeeze": {
            "f1": 0.5714285714285708,
            "precision": 0.9999999999999996,
            "recall": 0.3999999999999999,
            "threshold": 0.0010043518829029297
        }
    },
    "machine-3-8": {
        "best f1 under pa": {
            "f1": 0.8501213592233005,
            "precision": 0.7393139841688654,
            "recall": 1.0,
            "threshold": 0.03104378090204657
        },
        "event-based f1 under pa with mode log": {
            "f1": 0.6818181818181812,
            "precision": 0.75,
            "recall": 0.625,
            "threshold": 0.17832749249030522
        },
        "event-based f1 under pa with mode squeeze": {
            "f1": 0.5333333333333327,
            "precision": 0.44444444444444436,
            "recall": 0.6666666666666665,
            "threshold": 0.17832749249030522
        }
    },
    "machine-3-9": {
        "best f1 under pa": {
            "f1": 0.8803680981595087,
            "precision": 0.8723404255319149,
            "recall": 0.8885448916408669,
            "threshold": 0.00019825267597106208
        },
        "event-based f1 under pa with mode log": {
            "f1": 0.48275862068965464,
            "precision": 0.4666666666666666,
            "recall": 0.49999999999999994,
            "threshold": 0.02054004535363307
        },
        "event-based f1 under pa with mode squeeze": {
            "f1": 0.39999999999999947,
            "precision": 0.9999999999999989,
            "recall": 0.24999999999999994,
            "threshold": 1.0
        }
    }
}