{
    "best f1 under pa": {
        "f1": 0.9255090233475446,
        "precision": 0.9216773055060057,
        "recall": 0.9430293105668295
    },
    "event-based f1 under pa with mode log": {
        "f1": 0.673486757473074,
        "precision": 0.7225981592588838,
        "recall": 0.6873901053574374
    },
    "event-based f1 under pa with mode squeeze": {
        "f1": 0.5625123414597093,
        "precision": 0.6917539759295076,
        "recall": 0.5770873066327611
    }
}