{
    "machine-3-1": {
        "best f1 under pa": {
            "f1": 0.717444717444717,
            "precision": 0.6008230452674898,
            "recall": 0.8902439024390244,
            "threshold": 5.140707435202785e-05
        },
        "event-based f1 under pa with mode log": {
            "f1": 0.444444444444444,
            "precision": 0.9999999999999998,
            "recall": 0.2857142857142857,
            "threshold": 1.0
        },
        "event-based f1 under pa with mode squeeze": {
            "f1": 0.39999999999999947,
            "precision": 0.9999999999999989,
            "recall": 0.24999999999999994,
            "threshold": 1.0
        }
    },
    "machine-3-10": {
        "best f1 under pa": {
            "f1": 0.8589020010261668,
            "precision": 1.0,
            "recall": 0.7526978417266187,
            "threshold": 0.29857105016708374
        },
        "event-based f1 under pa with mode log": {
            "f1": 0.538461538461538,
            "precision": 0.9999999999999999,
            "recall": 0.3684210526315789,
            "threshold": 0.29857105016708374
        },
        "event-based f1 under pa with mode squeeze": {
            "f1": 0.37499999999999956,
            "precision": 0.9999999999999997,
            "recall": 0.23076923076923073,
            "threshold": 0.29857105016708374
        }
    },
    "machine-3-11": {
        "best f1 under pa": {
            "f1": 0.990697674418604,
            "precision": 0.9815668202764977,
            "recall": 1.0,
            "threshold": 0.31309524178504944
        },
        "event-based f1 under pa with mode log": {
            "f1": 0.8181818181818175,
            "precision": 0.6923076923076922,
            "recall": 0.9999999999999998,
            "threshold": 0.31309524178504944
        },
        "event-based f1 under pa with mode squeeze": {
            "f1": 0.5999999999999993,
            "precision": 0.4285714285714285,
            "recall": 0.9999999999999997,
            "threshold": 0.31309524178504944
        }
    },
    "machine-3-2": {
        "best f1 under pa": {
            "f1": 0.8324480927088357,
            "precision": 0.9451754385964912,
            "recall": 0.7437446074201898,
            "threshold": 0.00587450573220849
        },
        "event-based f1 under pa with mode log": {
            "f1": 0.24242424242424218,
            "precision": 0.9999999999999998,
            "recall": 0.13793103448275862,
            "threshold": 0.8874943852424622
        },
        "event-based f1 under pa with mode squeeze": {
            "f1": 0.3333333333333329,
            "precision": 0.9999999999999996,
            "recall": 0.19999999999999996,
            "threshold": 0.8874943852424622
        }
    },
    "machine-3-3": {
        "best f1 under pa": {
            "f1": 0.4709185720016041,
            "precision": 0.3391103408434431,
            "recall": 0.7703412073490814,
            "threshold": 0.011262891814112663
        },
        "event-based f1 under pa with mode log": {
            "f1": 0.05830903790087436,
            "precision": 0.03484320557491289,
            "recall": 0.17857142857142858,
            "threshold": 0.0919346883893013
        },
        "event-based f1 under pa with mode squeeze": {
            "f1": 0.03246753246753231,
            "precision": 0.01773049645390071,
            "recall": 0.19230769230769232,
            "threshold": 0.0919346883893013
        }
    },
    "machine-3-4": {
        "best f1 under pa": {
            "f1": 0.8986384266263232,
            "precision": 0.922360248447205,
            "recall": 0.8761061946902655,
            "threshold": 0.003623403375968337
        },
        "event-based f1 under pa with mode log": {
            "f1": 0.3999999999999996,
            "precision": 0.9999999999999999,
            "recall": 0.25,
            "threshold": 1.0
        },
        "event-based f1 under pa with mode squeeze": {
            "f1": 0.22222222222222193,
            "precision": 0.9999999999999989,
            "recall": 0.12499999999999997,
            "threshold": 1.0
        }
    },
    "machine-3-5": {
        "best f1 under pa": {
            "f1": 0.6225319396051098,
            "precision": 0.7052631578947368,
            "recall": 0.5571725571725572,
            "threshold": 0.09915509074926376
        },
        "event-based f1 under pa with mode log": {
            "f1": 0.24999999999999975,
            "precision": 0.9999999999999998,
            "recall": 0.14285714285714285,
            "threshold": 1.0
        },
        "event-based f1 under pa with mode squeeze": {
            "f1": 0.1666666666666665,
            "precision": 0.9999999999999989,
            "recall": 0.0909090909090909,
            "threshold": 1.0
        }
    },
    "machine-3-6": {
        "best f1 under pa": {
            "f1": 0.874375446109921,
            "precision": 0.7887958789439794,
            "recall": 0.9807846277021617,
            "threshold": 0.03281671553850174
        },
        "event-based f1 under pa with mode log": {
            "f1": 0.6153846153846148,
            "precision": 0.7407407407407407,
            "recall": 0.5263157894736842,
            "threshold": 0.30360081791877747
        },
        "event-based f1 under pa with mode squeeze": {
            "f1": 0.49999999999999944,
            "precision": 0.7999999999999998,
            "recall": 0.3636363636363636,
            "threshold": 0.4850032329559326
        }
    },
    "machine-3-7": {
        "best f1 under pa": {
            "f1": 0.8476821192052975,
            "precision": 0.8590604026845637,
            "recall": 0.8366013071895425,
            "threshold": 1.2717849131149705e-05
        },
        "event-based f1 under pa with mode log": {
            "f1": 0.4999999999999996,
            "precision": 0.9999999999999998,
            "recall": 0.3333333333333333,
            "threshold": 1.0
        },
        "event-based f1 under pa with mode squeeze": {
            "f1": 0.3333333333333329,
            "precision": 0.9999999999999989,
            "recall": 0.19999999999999996,
            "threshold": 1.0
        }
    },
    "machine-3-8": {
        "best f1 under pa": {
            "f1": 0.6453407510431148,
            "precision": 0.9206349206349206,
            "recall": 0.49678800856531047,
            "threshold": 0.06288346648216248
        },
        "event-based f1 under pa with mode log": {
            "f1": 0.628571428571428,
            "precision": 0.9999999999999999,
            "recall": 0.4583333333333333,
            "threshold": 0.29348480701446533
        },
        "event-based f1 under pa with mode squeeze": {
            "f1": 0.6666666666666661,
            "precision": 0.9999999999999997,
            "recall": 0.49999999999999994,
            "threshold": 0.29348480701446533
        }
    },
    "machine-3-9": {
        "best f1 under pa": {
            "f1": 0.6413407821229046,
            "precision": 0.5017482517482518,
            "recall": 0.8885448916408669,
            "threshold": 3.955428837798536e-05
        },
        "event-based f1 under pa with mode log": {
            "f1": 0.444444444444444,
            "precision": 0.9999999999999998,
            "recall": 0.2857142857142857,
            "threshold": 1.0
        },
        "event-based f1 under pa with mode squeeze": {
            "f1": 0.39999999999999947,
            "precision": 0.9999999999999989,
            "recall": 0.24999999999999994,
            "threshold": 1.0
        }
    }
}