{
    "best f1 under pa": {
        "f1": 0.7636655020284181,
        "precision": 0.7785944095761436,
        "recall": 0.7993659223541472
    },
    "event-based f1 under pa with mode log": {
        "f1": 0.4491110518012183,
        "precision": 0.8607174216930313,
        "recall": 0.3606537896465301
    },
    "event-based f1 under pa with mode squeeze": {
        "f1": 0.36633543224452275,
        "precision": 0.8405729022750293,
        "recall": 0.30932930705657974
    }
}