{
    "machine-2-1": {
        "best f1 under pa": {
            "f1": 0.8372434017595303,
            "precision": 0.7649028801071668,
            "recall": 0.9246963562753037,
            "threshold": 0.00013353967862984653
        },
        "event-based f1 under pa with mode log": {
            "f1": 0.36734693877550983,
            "precision": 0.9999999999999998,
            "recall": 0.225,
            "threshold": 0.047877241159607016
        },
        "event-based f1 under pa with mode squeeze": {
            "f1": 0.37499999999999956,
            "precision": 0.9999999999999997,
            "recall": 0.23076923076923073,
            "threshold": 0.047877241159607016
        }
    },
    "machine-2-2": {
        "best f1 under pa": {
            "f1": 0.8446986361636598,
            "precision": 0.7326380055965404,
            "recall": 0.997229916897507,
            "threshold": 0.00010573868417463327
        },
        "event-based f1 under pa with mode log": {
            "f1": 0.2790697674418602,
            "precision": 0.9999999999999999,
            "recall": 0.16216216216216217,
            "threshold": 0.11898156131079515
        },
        "event-based f1 under pa with mode squeeze": {
            "f1": 0.42857142857142805,
            "precision": 0.9999999999999997,
            "recall": 0.2727272727272727,
            "threshold": 0.11898156131079515
        }
    },
    "machine-2-3": {
        "best f1 under pa": {
            "f1": 0.6796785304247985,
            "precision": 0.5362318840579711,
            "recall": 0.9278996865203761,
            "threshold": 0.0001253420248132177
        },
        "event-based f1 under pa with mode log": {
            "f1": 0.258064516129032,
            "precision": 0.7999999999999998,
            "recall": 0.15384615384615385,
            "threshold": 0.0667042207065032
        },
        "event-based f1 under pa with mode squeeze": {
            "f1": 0.30769230769230727,
            "precision": 0.6666666666666665,
            "recall": 0.19999999999999996,
            "threshold": 0.0667042207065032
        }
    },
    "machine-2-4": {
        "best f1 under pa": {
            "f1": 0.9049703837239241,
            "precision": 0.8410722833891814,
            "recall": 0.9793756967670011,
            "threshold": 0.0007240921378847234
        },
        "event-based f1 under pa with mode log": {
            "f1": 0.5833333333333328,
            "precision": 0.4772727272727273,
            "recall": 0.75,
            "threshold": 0.0030518776461751955
        },
        "event-based f1 under pa with mode squeeze": {
            "f1": 0.37037037037036996,
            "precision": 0.2459016393442623,
            "recall": 0.75,
            "threshold": 0.0030518776461751955
        }
    },
    "machine-2-5": {
        "best f1 under pa": {
            "f1": 0.9151193633952248,
            "precision": 0.8793542905692439,
            "recall": 0.9539170506912442,
            "threshold": 0.0030309516374496565
        },
        "event-based f1 under pa with mode log": {
            "f1": 0.3999999999999995,
            "precision": 0.31868131868131866,
            "recall": 0.5370370370370371,
            "threshold": 0.006854276322851822
        },
        "event-based f1 under pa with mode squeeze": {
            "f1": 0.23404255319148898,
            "precision": 0.1506849315068493,
            "recall": 0.5238095238095238,
            "threshold": 0.006854276322851822
        }
    },
    "machine-2-6": {
        "best f1 under pa": {
            "f1": 0.794202898550724,
            "precision": 0.7160278745644599,
            "recall": 0.8915401301518439,
            "threshold": 0.00350307855057533
        },
        "event-based f1 under pa with mode log": {
            "f1": 0.37837837837837796,
            "precision": 0.5833333333333333,
            "recall": 0.28,
            "threshold": 0.10985636609496598
        },
        "event-based f1 under pa with mode squeeze": {
            "f1": 0.26666666666666616,
            "precision": 0.2857142857142857,
            "recall": 0.24999999999999994,
            "threshold": 0.10985636609496598
        }
    },
    "machine-2-7": {
        "best f1 under pa": {
            "f1": 0.7964601769911499,
            "precision": 0.9302325581395349,
            "recall": 0.6963249516441006,
            "threshold": 0.030093277588610745
        },
        "event-based f1 under pa with mode log": {
            "f1": 0.28571428571428525,
            "precision": 0.3076923076923077,
            "recall": 0.26666666666666666,
            "threshold": 0.030093277588610745
        },
        "event-based f1 under pa with mode squeeze": {
            "f1": 0.15686274509803874,
            "precision": 0.12903225806451613,
            "recall": 0.2,
            "threshold": 0.030093277588610745
        }
    },
    "machine-2-8": {
        "best f1 under pa": {
            "f1": 0.9999999999999996,
            "precision": 1.0,
            "recall": 1.0,
            "threshold": 1.0
        },
        "event-based f1 under pa with mode log": {
            "f1": 0.9999999999999993,
            "precision": 0.9999999999999998,
            "recall": 0.9999999999999998,
            "threshold": 1.0
        },
        "event-based f1 under pa with mode squeeze": {
            "f1": 0.9999999999999983,
            "precision": 0.9999999999999989,
            "recall": 0.9999999999999989,
            "threshold": 1.0
        }
    },
    "machine-2-9": {
        "best f1 under pa": {
            "f1": 0.8888888888888884,
            "precision": 0.9965588437715073,
            "recall": 0.8022160664819945,
            "threshold": 0.11660837849337316
        },
        "event-based f1 under pa with mode log": {
            "f1": 0.7076923076923071,
            "precision": 0.8214285714285714,
            "recall": 0.6216216216216216,
            "threshold": 0.11660837849337316
        },
        "event-based f1 under pa with mode squeeze": {
            "f1": 0.49999999999999933,
            "precision": 0.4999999999999999,
            "recall": 0.4999999999999999,
            "threshold": 0.11660837849337316
        }
    }
}