{
    "train_and_valid": 0.0010658000000001167,
    "test": 0.02620380000000111
}