{
    "train_and_valid": 0.00015679999999873573,
    "test": 0.021544300000000405
}