{
    "train_and_valid": 0.0011511999999997968,
    "test": 0.03141979999999922
}