{
    "train_and_valid": 1564.8671860999998,
    "test": 142.48822360000077
}