{
    "machine-3-1": {
        "best f1 under pa": {
            "f1": 0.9124999999999994,
            "precision": 0.9358974358974359,
            "recall": 0.8902439024390244,
            "threshold": 0.00010689932969398797
        },
        "event-based f1 under pa with mode log": {
            "f1": 0.6363636363636357,
            "precision": 0.8749999999999998,
            "recall": 0.49999999999999994,
            "threshold": 0.003854469396173954
        },
        "event-based f1 under pa with mode squeeze": {
            "f1": 0.5714285714285707,
            "precision": 0.6666666666666665,
            "recall": 0.4999999999999999,
            "threshold": 0.003854469396173954
        }
    },
    "machine-3-10": {
        "best f1 under pa": {
            "f1": 0.9871282734132263,
            "precision": 0.9745836985100789,
            "recall": 1.0,
            "threshold": 0.00487119983881712
        },
        "event-based f1 under pa with mode log": {
            "f1": 0.8311688311688307,
            "precision": 0.8205128205128205,
            "recall": 0.8421052631578947,
            "threshold": 0.015552054159343243
        },
        "event-based f1 under pa with mode squeeze": {
            "f1": 0.7096774193548381,
            "precision": 0.6111111111111112,
            "recall": 0.846153846153846,
            "threshold": 0.015552054159343243
        }
    },
    "machine-3-11": {
        "best f1 under pa": {
            "f1": 0.9999999999999996,
            "precision": 1.0,
            "recall": 1.0,
            "threshold": 0.08451797068119049
        },
        "event-based f1 under pa with mode log": {
            "f1": 0.9999999999999993,
            "precision": 0.9999999999999998,
            "recall": 0.9999999999999998,
            "threshold": 0.08451797068119049
        },
        "event-based f1 under pa with mode squeeze": {
            "f1": 0.9999999999999991,
            "precision": 0.9999999999999997,
            "recall": 0.9999999999999997,
            "threshold": 0.08451797068119049
        }
    },
    "machine-3-2": {
        "best f1 under pa": {
            "f1": 0.9803754266211597,
            "precision": 0.9696202531645569,
            "recall": 0.99137187230371,
            "threshold": 0.0006941563915461302
        },
        "event-based f1 under pa with mode log": {
            "f1": 0.6111111111111106,
            "precision": 0.5116279069767442,
            "recall": 0.7586206896551724,
            "threshold": 0.001154442084953189
        },
        "event-based f1 under pa with mode squeeze": {
            "f1": 0.3870967741935479,
            "precision": 0.2857142857142857,
            "recall": 0.5999999999999999,
            "threshold": 0.001498460303992033
        }
    },
    "machine-3-3": {
        "best f1 under pa": {
            "f1": 0.944634313055365,
            "precision": 0.985734664764622,
            "recall": 0.9068241469816273,
            "threshold": 0.025351468473672867
        },
        "event-based f1 under pa with mode log": {
            "f1": 0.8318584070796455,
            "precision": 0.8245614035087719,
            "recall": 0.8392857142857143,
            "threshold": 0.025351468473672867
        },
        "event-based f1 under pa with mode squeeze": {
            "f1": 0.7586206896551718,
            "precision": 0.6875,
            "recall": 0.8461538461538461,
            "threshold": 0.025351468473672867
        }
    },
    "machine-3-4": {
        "best f1 under pa": {
            "f1": 0.9469273743016754,
            "precision": 0.8992042440318302,
            "recall": 1.0,
            "threshold": 0.026597360149025917
        },
        "event-based f1 under pa with mode log": {
            "f1": 0.6666666666666661,
            "precision": 0.9999999999999999,
            "recall": 0.5,
            "threshold": 0.04214641824364662
        },
        "event-based f1 under pa with mode squeeze": {
            "f1": 0.545454545454545,
            "precision": 0.9999999999999997,
            "recall": 0.37499999999999994,
            "threshold": 0.04214641824364662
        }
    },
    "machine-3-5": {
        "best f1 under pa": {
            "f1": 0.7512820512820507,
            "precision": 0.979933110367893,
            "recall": 0.6091476091476091,
            "threshold": 0.06744441390037537
        },
        "event-based f1 under pa with mode log": {
            "f1": 0.6399999999999995,
            "precision": 0.7272727272727273,
            "recall": 0.5714285714285714,
            "threshold": 0.06744441390037537
        },
        "event-based f1 under pa with mode squeeze": {
            "f1": 0.5217391304347819,
            "precision": 0.49999999999999994,
            "recall": 0.5454545454545454,
            "threshold": 0.06744441390037537
        }
    },
    "machine-3-6": {
        "best f1 under pa": {
            "f1": 0.9972055888223548,
            "precision": 0.9944267515923567,
            "recall": 1.0,
            "threshold": 0.005661490838974714
        },
        "event-based f1 under pa with mode log": {
            "f1": 0.915662650602409,
            "precision": 0.8444444444444444,
            "recall": 1.0,
            "threshold": 0.005661490838974714
        },
        "event-based f1 under pa with mode squeeze": {
            "f1": 0.7999999999999993,
            "precision": 0.7142857142857142,
            "recall": 0.909090909090909,
            "threshold": 0.006225560791790485
        }
    },
    "machine-3-7": {
        "best f1 under pa": {
            "f1": 0.9622641509433957,
            "precision": 0.9272727272727272,
            "recall": 1.0,
            "threshold": 5.35209801455494e-06
        },
        "event-based f1 under pa with mode log": {
            "f1": 0.6956521739130428,
            "precision": 0.9999999999999998,
            "recall": 0.5333333333333332,
            "threshold": 0.0014452232280746102
        },
        "event-based f1 under pa with mode squeeze": {
            "f1": 0.5714285714285708,
            "precision": 0.9999999999999996,
            "recall": 0.3999999999999999,
            "threshold": 0.0014452232280746102
        }
    },
    "machine-3-8": {
        "best f1 under pa": {
            "f1": 0.840431913617276,
            "precision": 0.7247801345059492,
            "recall": 1.0,
            "threshold": 0.00265062996186316
        },
        "event-based f1 under pa with mode log": {
            "f1": 0.6976744186046506,
            "precision": 0.7894736842105263,
            "recall": 0.625,
            "threshold": 0.09135471284389496
        },
        "event-based f1 under pa with mode squeeze": {
            "f1": 0.5714285714285707,
            "precision": 0.4999999999999999,
            "recall": 0.6666666666666665,
            "threshold": 0.09135471284389496
        }
    },
    "machine-3-9": {
        "best f1 under pa": {
            "f1": 0.9053627760252361,
            "precision": 0.9228295819935691,
            "recall": 0.8885448916408669,
            "threshold": 9.219847561325878e-05
        },
        "event-based f1 under pa with mode log": {
            "f1": 0.6666666666666661,
            "precision": 0.9999999999999999,
            "recall": 0.49999999999999994,
            "threshold": 0.02735285274684429
        },
        "event-based f1 under pa with mode squeeze": {
            "f1": 0.666666666666666,
            "precision": 0.9999999999999996,
            "recall": 0.4999999999999999,
            "threshold": 0.02735285274684429
        }
    }
}