{
    "best f1 under pa": {
        "f1": 0.927993512052322,
        "precision": 0.947009589087007,
        "recall": 0.9228565901220663
    },
    "event-based f1 under pa with mode log": {
        "f1": 0.7489157531876015,
        "precision": 0.8564264401589771,
        "recall": 0.7129261240876485
    },
    "event-based f1 under pa with mode squeeze": {
        "f1": 0.6492791972618036,
        "precision": 0.7258133280860553,
        "recall": 0.6617662640389912
    }
}