{
    "train_and_valid": 5874.070277700001,
    "test": 174.77223800000058
}