{
    "train_and_valid": 160.9282915999999,
    "test": 15.50545310000004
}