{
    "train_and_valid": 174.83505970000007,
    "test": 17.528470299999952
}