{
    "train_and_valid": 36.911849300000014,
    "test": 21.014244400000024
}