{
    "train_and_valid": 1476.9657320999997,
    "test": 232.28117350000002
}