{
    "train_and_valid": 88.5672225,
    "test": 29.552948900000008
}