{
    "train_and_valid": 510.26098870000044,
    "test": 653.1745616999999
}