{
    "train_and_valid": 448.32163090000006,
    "test": 565.2614485000001
}