{
    "train_and_valid": 193.08635170000014,
    "test": 18.13144750000015
}