{
    "train_and_valid": 205.3983917999999,
    "test": 21.55435779999999
}