{
    "train_and_valid": 96.88918989999999,
    "test": 34.673565300000035
}