{
    "train_and_valid": 0.06139589999999728,
    "test": 16.863196199999983
}