{
    "train_and_valid": 450.7643019,
    "test": 137.0280242
}