{
    "machine-2-1": {
        "best f1 under pa": {
            "f1": 0.9453642384105955,
            "precision": 0.9669771380186283,
            "recall": 0.9246963562753037,
            "threshold": 0.005929198403725284
        },
        "event-based f1 under pa with mode log": {
            "f1": 0.8055555555555549,
            "precision": 0.90625,
            "recall": 0.725,
            "threshold": 0.012600202633234546
        },
        "event-based f1 under pa with mode squeeze": {
            "f1": 0.7272727272727266,
            "precision": 0.8888888888888887,
            "recall": 0.6153846153846153,
            "threshold": 0.015354353299135853
        }
    },
    "machine-2-2": {
        "best f1 under pa": {
            "f1": 0.9591497841248748,
            "precision": 0.9215060625398851,
            "recall": 1.0,
            "threshold": 0.0020479315417294597
        },
        "event-based f1 under pa with mode log": {
            "f1": 0.34567901234567866,
            "precision": 0.224,
            "recall": 0.7567567567567568,
            "threshold": 0.0124894524152967
        },
        "event-based f1 under pa with mode squeeze": {
            "f1": 0.42857142857142805,
            "precision": 0.9999999999999997,
            "recall": 0.2727272727272727,
            "threshold": 0.6277068497153762
        }
    },
    "machine-2-3": {
        "best f1 under pa": {
            "f1": 0.8405797101449269,
            "precision": 0.725,
            "recall": 1.0,
            "threshold": 0.00017109707393931237
        },
        "event-based f1 under pa with mode log": {
            "f1": 0.30057803468208066,
            "precision": 0.17687074829931973,
            "recall": 1.0,
            "threshold": 0.00017109707393931237
        },
        "event-based f1 under pa with mode squeeze": {
            "f1": 0.3333333333333329,
            "precision": 0.9999999999999996,
            "recall": 0.19999999999999996,
            "threshold": 0.6173754697700724
        }
    },
    "machine-2-4": {
        "best f1 under pa": {
            "f1": 0.9829370629370624,
            "precision": 0.9865244244806288,
            "recall": 0.9793756967670011,
            "threshold": 0.041852882457836395
        },
        "event-based f1 under pa with mode log": {
            "f1": 0.7969924812030068,
            "precision": 0.6883116883116883,
            "recall": 0.9464285714285714,
            "threshold": 0.041852882457836395
        },
        "event-based f1 under pa with mode squeeze": {
            "f1": 0.6031746031746027,
            "precision": 0.4418604651162791,
            "recall": 0.95,
            "threshold": 0.041852882457836395
        }
    },
    "machine-2-5": {
        "best f1 under pa": {
            "f1": 0.9794967381174273,
            "precision": 0.9905749293119699,
            "recall": 0.9686635944700461,
            "threshold": 0.13222776259301985
        },
        "event-based f1 under pa with mode log": {
            "f1": 0.867256637168141,
            "precision": 0.8305084745762712,
            "recall": 0.9074074074074074,
            "threshold": 0.13222776259301985
        },
        "event-based f1 under pa with mode squeeze": {
            "f1": 0.7599999999999993,
            "precision": 0.6551724137931034,
            "recall": 0.9047619047619048,
            "threshold": 0.13222776259301985
        }
    },
    "machine-2-6": {
        "best f1 under pa": {
            "f1": 0.8845760980592435,
            "precision": 0.8359073359073359,
            "recall": 0.9392624728850325,
            "threshold": 0.0031521110656636655
        },
        "event-based f1 under pa with mode log": {
            "f1": 0.43749999999999967,
            "precision": 0.9999999999999999,
            "recall": 0.28,
            "threshold": 0.2070717205973248
        },
        "event-based f1 under pa with mode squeeze": {
            "f1": 0.3999999999999995,
            "precision": 0.9999999999999996,
            "recall": 0.24999999999999994,
            "threshold": 0.2070717205973248
        }
    },
    "machine-2-7": {
        "best f1 under pa": {
            "f1": 0.9381348107109875,
            "precision": 0.8975265017667845,
            "recall": 0.9825918762088974,
            "threshold": 0.06090281461745989
        },
        "event-based f1 under pa with mode log": {
            "f1": 0.5890410958904104,
            "precision": 0.42574257425742573,
            "recall": 0.9555555555555556,
            "threshold": 0.06090281461745989
        },
        "event-based f1 under pa with mode squeeze": {
            "f1": 0.3917525773195873,
            "precision": 0.24675324675324675,
            "recall": 0.95,
            "threshold": 0.06090281461745989
        }
    },
    "machine-2-8": {
        "best f1 under pa": {
            "f1": 0.9999999999999996,
            "precision": 1.0,
            "recall": 1.0,
            "threshold": 1.0
        },
        "event-based f1 under pa with mode log": {
            "f1": 0.9999999999999993,
            "precision": 0.9999999999999998,
            "recall": 0.9999999999999998,
            "threshold": 1.0
        },
        "event-based f1 under pa with mode squeeze": {
            "f1": 0.9999999999999983,
            "precision": 0.9999999999999989,
            "recall": 0.9999999999999989,
            "threshold": 1.0
        }
    },
    "machine-2-9": {
        "best f1 under pa": {
            "f1": 0.9070351758793964,
            "precision": 0.8298850574712644,
            "recall": 1.0,
            "threshold": 3.995299300536996e-06
        },
        "event-based f1 under pa with mode log": {
            "f1": 0.7301587301587297,
            "precision": 0.8846153846153846,
            "recall": 0.6216216216216216,
            "threshold": 0.0721619602653867
        },
        "event-based f1 under pa with mode squeeze": {
            "f1": 0.5714285714285708,
            "precision": 0.9999999999999998,
            "recall": 0.3999999999999999,
            "threshold": 0.4975692351899931
        }
    }
}