{
    "train_and_valid": 1143.7913747999992,
    "test": 55.672608299999865
}