{
    "train_and_valid": 725.7790537000002,
    "test": 353.06944639999983
}