{
    "train_and_valid": 528.2389044000004,
    "test": 672.2325127000001
}