{
    "best f1 under pa": {
        "f1": 0.9030469060360914,
        "precision": 0.9401762455027658,
        "recall": 0.8787190393640407
    },
    "event-based f1 under pa with mode log": {
        "f1": 0.6582522500498149,
        "precision": 0.7389896691741006,
        "recall": 0.6570943287609956
    },
    "event-based f1 under pa with mode squeeze": {
        "f1": 0.5718236012353652,
        "precision": 0.7901234567901233,
        "recall": 0.4903966403966402
    }
}