{
    "train_and_valid": 1632.1374601,
    "test": 42.349757800000106
}