{
    "machine-1-1": {
        "best f1 under pa": {
            "f1": 0.9941348973607034,
            "precision": 0.9963262307127112,
            "recall": 0.991953182150695,
            "threshold": 0.05705863507141576
        },
        "event-based f1 under pa with mode log": {
            "f1": 0.7647058823529406,
            "precision": 0.7222222222222222,
            "recall": 0.8125,
            "threshold": 0.05705863507141576
        },
        "event-based f1 under pa with mode squeeze": {
            "f1": 0.545454545454545,
            "precision": 0.9999999999999997,
            "recall": 0.37499999999999994,
            "threshold": 0.07559605293138262
        }
    },
    "machine-1-2": {
        "best f1 under pa": {
            "f1": 0.7466243050039708,
            "precision": 0.704647676161919,
            "recall": 0.793918918918919,
            "threshold": 0.07618433049264606
        },
        "event-based f1 under pa with mode log": {
            "f1": 0.3749999999999995,
            "precision": 0.5,
            "recall": 0.3,
            "threshold": 0.08961151862053379
        },
        "event-based f1 under pa with mode squeeze": {
            "f1": 0.3333333333333329,
            "precision": 0.9999999999999996,
            "recall": 0.19999999999999996,
            "threshold": 0.09411401851043585
        }
    },
    "machine-1-3": {
        "best f1 under pa": {
            "f1": 0.9113475177304959,
            "precision": 0.9460122699386503,
            "recall": 0.879133409350057,
            "threshold": 0.06550755351314633
        },
        "event-based f1 under pa with mode log": {
            "f1": 0.6999999999999995,
            "precision": 0.875,
            "recall": 0.5833333333333334,
            "threshold": 0.08121700279264746
        },
        "event-based f1 under pa with mode squeeze": {
            "f1": 0.5714285714285707,
            "precision": 0.6666666666666665,
            "recall": 0.49999999999999994,
            "threshold": 0.08121700279264746
        }
    },
    "machine-1-4": {
        "best f1 under pa": {
            "f1": 0.8942675159235662,
            "precision": 0.8886075949367088,
            "recall": 0.9,
            "threshold": 0.04624480121989121
        },
        "event-based f1 under pa with mode log": {
            "f1": 0.3741935483870964,
            "precision": 0.24786324786324787,
            "recall": 0.7631578947368421,
            "threshold": 0.04624480121989121
        },
        "event-based f1 under pa with mode squeeze": {
            "f1": 0.16513761467889887,
            "precision": 0.09278350515463918,
            "recall": 0.7499999999999999,
            "threshold": 0.04624480121989121
        }
    },
    "machine-1-5": {
        "best f1 under pa": {
            "f1": 0.6940874035989714,
            "precision": 0.531496062992126,
            "recall": 1.0,
            "threshold": 0.044506137455821417
        },
        "event-based f1 under pa with mode log": {
            "f1": 0.3124999999999996,
            "precision": 0.20833333333333334,
            "recall": 0.625,
            "threshold": 0.06115471636108518
        },
        "event-based f1 under pa with mode squeeze": {
            "f1": 0.19999999999999976,
            "precision": 0.11627906976744186,
            "recall": 0.7142857142857142,
            "threshold": 0.06115471636108518
        }
    },
    "machine-1-6": {
        "best f1 under pa": {
            "f1": 0.9091668988576199,
            "precision": 0.9828313253012049,
            "recall": 0.845775012960083,
            "threshold": 0.04915042507613654
        },
        "event-based f1 under pa with mode log": {
            "f1": 0.3108108108108103,
            "precision": 0.2875,
            "recall": 0.3382352941176471,
            "threshold": 0.04915042507613654
        },
        "event-based f1 under pa with mode squeeze": {
            "f1": 0.19047619047619005,
            "precision": 0.33333333333333326,
            "recall": 0.13333333333333333,
            "threshold": 0.0649828668377808
        }
    },
    "machine-1-7": {
        "best f1 under pa": {
            "f1": 0.9851293542473004,
            "precision": 0.9885527391659853,
            "recall": 0.9817295980511571,
            "threshold": 0.05010857287186914
        },
        "event-based f1 under pa with mode log": {
            "f1": 0.7536231884057967,
            "precision": 0.9285714285714286,
            "recall": 0.6341463414634146,
            "threshold": 0.05842312855144424
        },
        "event-based f1 under pa with mode squeeze": {
            "f1": 0.6363636363636358,
            "precision": 0.7777777777777777,
            "recall": 0.5384615384615384,
            "threshold": 0.05842312855144424
        }
    },
    "machine-1-8": {
        "best f1 under pa": {
            "f1": 0.6897827092001845,
            "precision": 0.5738461538461539,
            "recall": 0.8644264194669756,
            "threshold": 0.04572207444768542
        },
        "event-based f1 under pa with mode log": {
            "f1": 0.11981566820276464,
            "precision": 0.07738095238095238,
            "recall": 0.2653061224489796,
            "threshold": 0.056567078571583024
        },
        "event-based f1 under pa with mode squeeze": {
            "f1": 0.044692737430167405,
            "precision": 0.025157232704402517,
            "recall": 0.2,
            "threshold": 0.056567078571583024
        }
    }
}