{
    "machine-1-1": {
        "best f1 under pa": {
            "f1": 0.9996343692870195,
            "precision": 0.9992690058479532,
            "recall": 1.0,
            "threshold": 198.19677734375
        },
        "event-based f1 under pa with mode log": {
            "f1": 0.9696969696969692,
            "precision": 0.9411764705882353,
            "recall": 1.0,
            "threshold": 198.19677734375
        },
        "event-based f1 under pa with mode squeeze": {
            "f1": 0.8888888888888881,
            "precision": 0.7999999999999998,
            "recall": 0.9999999999999998,
            "threshold": 198.19677734375
        }
    },
    "machine-1-2": {
        "best f1 under pa": {
            "f1": 0.9271730618637427,
            "precision": 0.8642335766423358,
            "recall": 1.0,
            "threshold": 12.240153312683105
        },
        "event-based f1 under pa with mode log": {
            "f1": 0.7096774193548381,
            "precision": 0.6875,
            "recall": 0.7333333333333333,
            "threshold": 59.29938888549805
        },
        "event-based f1 under pa with mode squeeze": {
            "f1": 0.521739130434782,
            "precision": 0.46153846153846145,
            "recall": 0.5999999999999999,
            "threshold": 67.0294418334961
        }
    },
    "machine-1-3": {
        "best f1 under pa": {
            "f1": 0.9140108238123869,
            "precision": 0.9669211195928753,
            "recall": 0.8665906499429875,
            "threshold": 51.15880584716797
        },
        "event-based f1 under pa with mode log": {
            "f1": 0.6499999999999995,
            "precision": 0.5909090909090909,
            "recall": 0.7222222222222222,
            "threshold": 81.43340301513672
        },
        "event-based f1 under pa with mode squeeze": {
            "f1": 0.4210526315789469,
            "precision": 0.3076923076923077,
            "recall": 0.6666666666666665,
            "threshold": 81.43340301513672
        }
    },
    "machine-1-4": {
        "best f1 under pa": {
            "f1": 0.6455172413793098,
            "precision": 0.5032258064516129,
            "recall": 0.9,
            "threshold": 49.9476432800293
        },
        "event-based f1 under pa with mode log": {
            "f1": 0.2325581395348835,
            "precision": 0.9999999999999998,
            "recall": 0.13157894736842105,
            "threshold": 6223.4677734375
        },
        "event-based f1 under pa with mode squeeze": {
            "f1": 0.28571428571428537,
            "precision": 0.9999999999999996,
            "recall": 0.16666666666666663,
            "threshold": 6223.4677734375
        }
    },
    "machine-1-5": {
        "best f1 under pa": {
            "f1": 0.7441860465116273,
            "precision": 1.0,
            "recall": 0.5925925925925926,
            "threshold": 27047.95703125
        },
        "event-based f1 under pa with mode log": {
            "f1": 0.7199999999999994,
            "precision": 0.9999999999999998,
            "recall": 0.5625,
            "threshold": 27047.95703125
        },
        "event-based f1 under pa with mode squeeze": {
            "f1": 0.7272727272727267,
            "precision": 0.9999999999999998,
            "recall": 0.5714285714285714,
            "threshold": 27047.95703125
        }
    },
    "machine-1-6": {
        "best f1 under pa": {
            "f1": 0.9856696195935377,
            "precision": 0.9908328968046097,
            "recall": 0.9805598755832037,
            "threshold": 24.816513061523438
        },
        "event-based f1 under pa with mode log": {
            "f1": 0.7027027027027022,
            "precision": 0.65,
            "recall": 0.7647058823529411,
            "threshold": 27.665409088134766
        },
        "event-based f1 under pa with mode squeeze": {
            "f1": 0.5499999999999995,
            "precision": 0.44,
            "recall": 0.7333333333333333,
            "threshold": 27.665409088134766
        }
    },
    "machine-1-7": {
        "best f1 under pa": {
            "f1": 0.9941283660660046,
            "precision": 0.9915185783521809,
            "recall": 0.9967519285424279,
            "threshold": 9.576188087463379
        },
        "event-based f1 under pa with mode log": {
            "f1": 0.8717948717948713,
            "precision": 0.918918918918919,
            "recall": 0.8292682926829268,
            "threshold": 31.518611907958984
        },
        "event-based f1 under pa with mode squeeze": {
            "f1": 0.7692307692307686,
            "precision": 0.7692307692307692,
            "recall": 0.7692307692307692,
            "threshold": 31.518611907958984
        }
    },
    "machine-1-8": {
        "best f1 under pa": {
            "f1": 0.9648181276088247,
            "precision": 0.9938574938574939,
            "recall": 0.9374275782155272,
            "threshold": 11.927468299865723
        },
        "event-based f1 under pa with mode log": {
            "f1": 0.8387096774193542,
            "precision": 0.8863636363636364,
            "recall": 0.7959183673469388,
            "threshold": 11.927468299865723
        },
        "event-based f1 under pa with mode squeeze": {
            "f1": 0.7499999999999994,
            "precision": 0.75,
            "recall": 0.75,
            "threshold": 11.927468299865723
        }
    }
}