{
    "train_and_valid": 779.4487453999999,
    "test": 35.031650700000014
}