{
    "machine-3-1": {
        "best f1 under pa": {
            "f1": 0.05837434244018316,
            "precision": 0.030907457322551662,
            "recall": 0.524390243902439,
            "threshold": 0.00122383504640311
        },
        "event-based f1 under pa with mode log": {
            "f1": 0.004777070063694246,
            "precision": 0.0024154589371980675,
            "recall": 0.21428571428571425,
            "threshold": 0.00122383504640311
        },
        "event-based f1 under pa with mode squeeze": {
            "f1": 0.0016077170418006368,
            "precision": 0.0008064516129032258,
            "recall": 0.24999999999999994,
            "threshold": 0.00122383504640311
        }
    },
    "machine-3-10": {
        "best f1 under pa": {
            "f1": 0.5795698924731176,
            "precision": 0.7205882352941176,
            "recall": 0.4847122302158273,
            "threshold": 0.005274519789963961
        },
        "event-based f1 under pa with mode log": {
            "f1": 0.17241379310344784,
            "precision": 0.25,
            "recall": 0.13157894736842105,
            "threshold": 0.017791638150811195
        },
        "event-based f1 under pa with mode squeeze": {
            "f1": 0.06896551724137881,
            "precision": 0.0625,
            "recall": 0.07692307692307691,
            "threshold": 0.017791638150811195
        }
    },
    "machine-3-11": {
        "best f1 under pa": {
            "f1": 0.01823942455899981,
            "precision": 0.009203646891068574,
            "recall": 1.0,
            "threshold": 5.301449945704917e-09
        },
        "event-based f1 under pa with mode log": {
            "f1": 0.0007843820812271213,
            "precision": 0.00039234491477396576,
            "recall": 0.9999999999999998,
            "threshold": 5.301449945704917e-09
        },
        "event-based f1 under pa with mode squeeze": {
            "f1": 0.00026159748866410855,
            "precision": 0.00013081585488161165,
            "recall": 0.9999999999999997,
            "threshold": 5.301449945704917e-09
        }
    },
    "machine-3-2": {
        "best f1 under pa": {
            "f1": 0.3556936574666419,
            "precision": 0.22564935064935066,
            "recall": 0.8395168248490078,
            "threshold": 0.00021780282258987427
        },
        "event-based f1 under pa with mode log": {
            "f1": 0.06611570247933848,
            "precision": 0.043478260869565216,
            "recall": 0.13793103448275862,
            "threshold": 0.0004872201825492084
        },
        "event-based f1 under pa with mode squeeze": {
            "f1": 0.02020202020202002,
            "precision": 0.011235955056179775,
            "recall": 0.09999999999999998,
            "threshold": 0.0004872201825492084
        }
    },
    "machine-3-3": {
        "best f1 under pa": {
            "f1": 0.7769784172661865,
            "precision": 0.9938650306748467,
            "recall": 0.6377952755905512,
            "threshold": 0.05998102203011513
        },
        "event-based f1 under pa with mode log": {
            "f1": 0.15624999999999978,
            "precision": 0.6249999999999999,
            "recall": 0.08928571428571429,
            "threshold": 0.05998102203011513
        },
        "event-based f1 under pa with mode squeeze": {
            "f1": 0.06666666666666643,
            "precision": 0.24999999999999994,
            "recall": 0.038461538461538464,
            "threshold": 0.05998102203011513
        }
    },
    "machine-3-4": {
        "best f1 under pa": {
            "f1": 0.30452358036573596,
            "precision": 0.18932503590234562,
            "recall": 0.7777777777777778,
            "threshold": 0.03656680881977081
        },
        "event-based f1 under pa with mode log": {
            "f1": 0.0045766590389015906,
            "precision": 0.002300966405890474,
            "recall": 0.4166666666666667,
            "threshold": 0.03656680881977081
        },
        "event-based f1 under pa with mode squeeze": {
            "f1": 0.0010335917312661472,
            "precision": 0.0005175090564084871,
            "recall": 0.37499999999999994,
            "threshold": 0.03656680881977081
        }
    },
    "machine-3-5": {
        "best f1 under pa": {
            "f1": 0.13854351687388955,
            "precision": 0.088085827216262,
            "recall": 0.32432432432432434,
            "threshold": 0.002431979402899742
        },
        "event-based f1 under pa with mode log": {
            "f1": 0.004857316332726135,
            "precision": 0.0024706609017912293,
            "recall": 0.14285714285714285,
            "threshold": 0.002431979402899742
        },
        "event-based f1 under pa with mode squeeze": {
            "f1": 0.0012292562999385236,
            "precision": 0.0006188118811881188,
            "recall": 0.0909090909090909,
            "threshold": 0.002431979402899742
        }
    },
    "machine-3-6": {
        "best f1 under pa": {
            "f1": 0.2540272614622054,
            "precision": 0.5616438356164384,
            "recall": 0.16413130504403523,
            "threshold": 0.0004287813790142536
        },
        "event-based f1 under pa with mode log": {
            "f1": 0.06779661016949107,
            "precision": 0.09523809523809523,
            "recall": 0.05263157894736842,
            "threshold": 0.01645374298095703
        },
        "event-based f1 under pa with mode squeeze": {
            "f1": 0.0645161290322576,
            "precision": 0.05,
            "recall": 0.0909090909090909,
            "threshold": 0.01645374298095703
        }
    },
    "machine-3-7": {
        "best f1 under pa": {
            "f1": 0.03801182023045194,
            "precision": 0.019384215091066782,
            "recall": 0.9738562091503268,
            "threshold": 4.81353026771103e-06
        },
        "event-based f1 under pa with mode log": {
            "f1": 0.0012522958757722475,
            "precision": 0.0006265402447683889,
            "recall": 0.9999999999999999,
            "threshold": 2.036347623857182e-08
        },
        "event-based f1 under pa with mode squeeze": {
            "f1": 0.00041778074866310116,
            "precision": 0.00020893401863691447,
            "recall": 0.9999999999999998,
            "threshold": 2.036347623857182e-08
        }
    },
    "machine-3-8": {
        "best f1 under pa": {
            "f1": 0.1339637509850271,
            "precision": 0.14951627088830255,
            "recall": 0.12134189864382584,
            "threshold": 0.008668842725455761
        },
        "event-based f1 under pa with mode log": {
            "f1": 0.03636363636363602,
            "precision": 0.023255813953488372,
            "recall": 0.08333333333333333,
            "threshold": 0.1986534148454666
        },
        "event-based f1 under pa with mode squeeze": {
            "f1": 0.02197802197802185,
            "precision": 0.011764705882352941,
            "recall": 0.16666666666666663,
            "threshold": 0.1986534148454666
        }
    },
    "machine-3-9": {
        "best f1 under pa": {
            "f1": 0.05709401709401699,
            "precision": 0.030215306676316264,
            "recall": 0.5170278637770898,
            "threshold": 0.0009271522867493331
        },
        "event-based f1 under pa with mode log": {
            "f1": 0.0047961630695443425,
            "precision": 0.002425222312045271,
            "recall": 0.21428571428571425,
            "threshold": 0.0009271522867493331
        },
        "event-based f1 under pa with mode squeeze": {
            "f1": 0.001614205004035506,
            "precision": 0.0008097165991902834,
            "recall": 0.24999999999999994,
            "threshold": 0.0009271522867493331
        }
    }
}