{
    "train_and_valid": 29.501481599999988,
    "test": 14.271394499999992
}