{
    "train_and_valid": 386.7989731000001,
    "test": 30.427588100000094
}