{
    "train_and_valid": 226.0507057,
    "test": 26.129980000000046
}