{
    "train_and_valid": 2178.656634999999,
    "test": 58.543595699998605
}