{
    "machine-2-1": {
        "best f1 under pa": {
            "f1": 0.8213498014997789,
            "precision": 0.9021317829457365,
            "recall": 0.7538461538461538,
            "threshold": 0.005515596363693476
        },
        "event-based f1 under pa with mode log": {
            "f1": 0.21518987341772114,
            "precision": 0.1440677966101695,
            "recall": 0.425,
            "threshold": 0.005515596363693476
        },
        "event-based f1 under pa with mode squeeze": {
            "f1": 0.14285714285714268,
            "precision": 0.9999999999999989,
            "recall": 0.07692307692307691,
            "threshold": 1.0
        }
    },
    "machine-2-2": {
        "best f1 under pa": {
            "f1": 0.8669592856061747,
            "precision": 0.7700994891099758,
            "recall": 0.9916897506925207,
            "threshold": 0.0037860956508666277
        },
        "event-based f1 under pa with mode log": {
            "f1": 0.11764705882352895,
            "precision": 0.09230769230769231,
            "recall": 0.16216216216216217,
            "threshold": 0.4374469220638275
        },
        "event-based f1 under pa with mode squeeze": {
            "f1": 0.1666666666666665,
            "precision": 0.9999999999999989,
            "recall": 0.0909090909090909,
            "threshold": 1.0
        }
    },
    "machine-2-3": {
        "best f1 under pa": {
            "f1": 0.6480836236933794,
            "precision": 0.514760147601476,
            "recall": 0.8746081504702194,
            "threshold": 0.0001532297901576385
        },
        "event-based f1 under pa with mode log": {
            "f1": 0.13793103448275845,
            "precision": 0.6666666666666665,
            "recall": 0.07692307692307693,
            "threshold": 0.9893374443054199
        },
        "event-based f1 under pa with mode squeeze": {
            "f1": 0.16666666666666635,
            "precision": 0.4999999999999998,
            "recall": 0.09999999999999998,
            "threshold": 0.9893374443054199
        }
    },
    "machine-2-4": {
        "best f1 under pa": {
            "f1": 0.8960422163588386,
            "precision": 0.8507014028056112,
            "recall": 0.9464882943143813,
            "threshold": 0.010646029375493526
        },
        "event-based f1 under pa with mode log": {
            "f1": 0.22535211267605584,
            "precision": 0.18604651162790697,
            "recall": 0.2857142857142857,
            "threshold": 0.02107846364378929
        },
        "event-based f1 under pa with mode squeeze": {
            "f1": 0.09523809523809514,
            "precision": 0.9999999999999989,
            "recall": 0.05,
            "threshold": 1.0
        }
    },
    "machine-2-5": {
        "best f1 under pa": {
            "f1": 0.8652802893309217,
            "precision": 0.8491570541259982,
            "recall": 0.8820276497695853,
            "threshold": 0.06462995707988739
        },
        "event-based f1 under pa with mode log": {
            "f1": 0.22924901185770719,
            "precision": 0.1457286432160804,
            "recall": 0.5370370370370371,
            "threshold": 0.06462995707988739
        },
        "event-based f1 under pa with mode squeeze": {
            "f1": 0.08999999999999982,
            "precision": 0.05027932960893855,
            "recall": 0.42857142857142855,
            "threshold": 0.06462995707988739
        }
    },
    "machine-2-6": {
        "best f1 under pa": {
            "f1": 0.6493506493506488,
            "precision": 0.5011792452830188,
            "recall": 0.9219088937093276,
            "threshold": 0.0002137020928785205
        },
        "event-based f1 under pa with mode log": {
            "f1": 0.275862068965517,
            "precision": 0.9999999999999998,
            "recall": 0.16,
            "threshold": 1.0
        },
        "event-based f1 under pa with mode squeeze": {
            "f1": 0.22222222222222193,
            "precision": 0.9999999999999989,
            "recall": 0.12499999999999997,
            "threshold": 1.0
        }
    },
    "machine-2-7": {
        "best f1 under pa": {
            "f1": 0.7487922705314004,
            "precision": 0.9967845659163987,
            "recall": 0.5996131528046421,
            "threshold": 0.9665066599845886
        },
        "event-based f1 under pa with mode log": {
            "f1": 0.19607843137254877,
            "precision": 0.8333333333333333,
            "recall": 0.1111111111111111,
            "threshold": 0.9665066599845886
        },
        "event-based f1 under pa with mode squeeze": {
            "f1": 0.09090909090909075,
            "precision": 0.4999999999999998,
            "recall": 0.05,
            "threshold": 0.9665066599845886
        }
    },
    "machine-2-8": {
        "best f1 under pa": {
            "f1": 0.9999999999999996,
            "precision": 1.0,
            "recall": 1.0,
            "threshold": 1.0
        },
        "event-based f1 under pa with mode log": {
            "f1": 0.9999999999999993,
            "precision": 0.9999999999999998,
            "recall": 0.9999999999999998,
            "threshold": 1.0
        },
        "event-based f1 under pa with mode squeeze": {
            "f1": 0.9999999999999983,
            "precision": 0.9999999999999989,
            "recall": 0.9999999999999989,
            "threshold": 1.0
        }
    },
    "machine-2-9": {
        "best f1 under pa": {
            "f1": 0.8722891566265055,
            "precision": 0.9557755775577558,
            "recall": 0.8022160664819945,
            "threshold": 0.09330122917890549
        },
        "event-based f1 under pa with mode log": {
            "f1": 0.538461538461538,
            "precision": 0.9333333333333332,
            "recall": 0.3783783783783784,
            "threshold": 0.6219967603683472
        },
        "event-based f1 under pa with mode squeeze": {
            "f1": 0.42857142857142805,
            "precision": 0.7499999999999999,
            "recall": 0.29999999999999993,
            "threshold": 0.6219967603683472
        }
    }
}