{
    "best f1 under pa": {
        "f1": 0.9797780498908961,
        "precision": 0.9760160020615047,
        "recall": 0.984001881920162
    },
    "event-based f1 under pa with mode log": {
        "f1": 0.8354945837498057,
        "precision": 0.8661447551937195,
        "recall": 0.8284068500735168
    },
    "event-based f1 under pa with mode squeeze": {
        "f1": 0.7398678550847806,
        "precision": 0.8156885090218422,
        "recall": 0.7517214267214266
    }
}