{
    "best f1 under pa": {
        "f1": 0.8186830325552944,
        "precision": 0.8156210294828856,
        "recall": 0.8635997902320917
    },
    "event-based f1 under pa with mode log": {
        "f1": 0.32619679222859715,
        "precision": 0.5557204418994647,
        "recall": 0.3484806723695612
    },
    "event-based f1 under pa with mode squeeze": {
        "f1": 0.2670145903479233,
        "precision": 0.7555865921787703,
        "recall": 0.24682262182262166
    }
}