{
    "train_and_valid": 0.04358560000000011,
    "test": 11.539114099999999
}