{
    "train_and_valid": 149.29427690000006,
    "test": 14.578855600000011
}