{
    "train_and_valid": 141.86485250000004,
    "test": 12.770688200000023
}