{
    "train_and_valid": 201.0149389,
    "test": 24.85161910000003
}