{
    "machine-1-1": {
        "best f1 under pa": {
            "f1": 0.9963556851311948,
            "precision": 0.9927378358750908,
            "recall": 1.0,
            "threshold": 1.2857447018177481e-06
        },
        "event-based f1 under pa with mode log": {
            "f1": 0.7619047619047614,
            "precision": 0.6153846153846154,
            "recall": 1.0,
            "threshold": 1.2857447018177481e-06
        },
        "event-based f1 under pa with mode squeeze": {
            "f1": 0.444444444444444,
            "precision": 0.2857142857142857,
            "recall": 0.9999999999999998,
            "threshold": 1.2857447018177481e-06
        }
    },
    "machine-1-2": {
        "best f1 under pa": {
            "f1": 0.9065849923430316,
            "precision": 0.8291316526610645,
            "recall": 1.0,
            "threshold": 0.02386653609573841
        },
        "event-based f1 under pa with mode log": {
            "f1": 0.7213114754098355,
            "precision": 0.7096774193548387,
            "recall": 0.7333333333333333,
            "threshold": 0.11730854958295822
        },
        "event-based f1 under pa with mode squeeze": {
            "f1": 0.5384615384615379,
            "precision": 0.4375,
            "recall": 0.6999999999999998,
            "threshold": 0.11730854958295822
        }
    },
    "machine-1-3": {
        "best f1 under pa": {
            "f1": 0.9031491384432556,
            "precision": 0.9429280397022333,
            "recall": 0.8665906499429875,
            "threshold": 8.384842658415437e-06
        },
        "event-based f1 under pa with mode log": {
            "f1": 0.5306122448979588,
            "precision": 0.41935483870967744,
            "recall": 0.7222222222222222,
            "threshold": 1.3381326425587758e-05
        },
        "event-based f1 under pa with mode squeeze": {
            "f1": 0.28571428571428537,
            "precision": 0.1891891891891892,
            "recall": 0.5833333333333333,
            "threshold": 1.7912971088662744e-05
        }
    },
    "machine-1-4": {
        "best f1 under pa": {
            "f1": 0.6410958904109584,
            "precision": 0.4978723404255319,
            "recall": 0.9,
            "threshold": 5.706557999474171e-07
        },
        "event-based f1 under pa with mode log": {
            "f1": 0.2325581395348835,
            "precision": 0.9999999999999998,
            "recall": 0.13157894736842105,
            "threshold": 6.284702249104157e-05
        },
        "event-based f1 under pa with mode squeeze": {
            "f1": 0.28571428571428537,
            "precision": 0.9999999999999996,
            "recall": 0.16666666666666663,
            "threshold": 6.284702249104157e-05
        }
    },
    "machine-1-5": {
        "best f1 under pa": {
            "f1": 0.7485029940119756,
            "precision": 0.628140703517588,
            "recall": 0.9259259259259259,
            "threshold": 0.0017056592041626573
        },
        "event-based f1 under pa with mode log": {
            "f1": 0.6666666666666662,
            "precision": 0.818181818181818,
            "recall": 0.5625,
            "threshold": 0.14784976840019226
        },
        "event-based f1 under pa with mode squeeze": {
            "f1": 0.6153846153846148,
            "precision": 0.6666666666666665,
            "recall": 0.5714285714285714,
            "threshold": 0.14784976840019226
        }
    },
    "machine-1-6": {
        "best f1 under pa": {
            "f1": 0.9889509944105025,
            "precision": 0.991916558018253,
            "recall": 0.9860031104199067,
            "threshold": 0.026984384283423424
        },
        "event-based f1 under pa with mode log": {
            "f1": 0.7388535031847129,
            "precision": 0.651685393258427,
            "recall": 0.8529411764705882,
            "threshold": 0.026984384283423424
        },
        "event-based f1 under pa with mode squeeze": {
            "f1": 0.5897435897435892,
            "precision": 0.4791666666666667,
            "recall": 0.7666666666666667,
            "threshold": 0.03246207907795906
        }
    },
    "machine-1-7": {
        "best f1 under pa": {
            "f1": 0.9911182882519171,
            "precision": 0.9855479727017262,
            "recall": 0.9967519285424279,
            "threshold": 0.00033729488495737314
        },
        "event-based f1 under pa with mode log": {
            "f1": 0.8607594936708854,
            "precision": 0.8947368421052632,
            "recall": 0.8292682926829268,
            "threshold": 0.0015363411512225866
        },
        "event-based f1 under pa with mode squeeze": {
            "f1": 0.74074074074074,
            "precision": 0.7142857142857142,
            "recall": 0.7692307692307692,
            "threshold": 0.0015363411512225866
        }
    },
    "machine-1-8": {
        "best f1 under pa": {
            "f1": 0.955367913148371,
            "precision": 0.9962264150943396,
            "recall": 0.9177288528389339,
            "threshold": 0.01989513449370861
        },
        "event-based f1 under pa with mode log": {
            "f1": 0.8045977011494247,
            "precision": 0.9210526315789473,
            "recall": 0.7142857142857143,
            "threshold": 0.01989513449370861
        },
        "event-based f1 under pa with mode squeeze": {
            "f1": 0.7222222222222218,
            "precision": 0.8125,
            "recall": 0.65,
            "threshold": 0.01989513449370861
        }
    }
}