{
    "machine-1-1": {
        "best f1 under pa": {
            "f1": 0.9965372699106975,
            "precision": 0.9930984380675627,
            "recall": 1.0,
            "threshold": 1.3012937642997713e-06
        },
        "event-based f1 under pa with mode log": {
            "f1": 0.7710843373493971,
            "precision": 0.6274509803921569,
            "recall": 1.0,
            "threshold": 1.3012937642997713e-06
        },
        "event-based f1 under pa with mode squeeze": {
            "f1": 0.45714285714285674,
            "precision": 0.2962962962962963,
            "recall": 0.9999999999999998,
            "threshold": 1.3012937642997713e-06
        }
    },
    "machine-1-2": {
        "best f1 under pa": {
            "f1": 0.8996960486322183,
            "precision": 0.8176795580110497,
            "recall": 1.0,
            "threshold": 0.022777365520596504
        },
        "event-based f1 under pa with mode log": {
            "f1": 0.7333333333333327,
            "precision": 0.7333333333333333,
            "recall": 0.7333333333333333,
            "threshold": 0.11780606210231781
        },
        "event-based f1 under pa with mode squeeze": {
            "f1": 0.5599999999999994,
            "precision": 0.4666666666666666,
            "recall": 0.6999999999999998,
            "threshold": 0.11780606210231781
        }
    },
    "machine-1-3": {
        "best f1 under pa": {
            "f1": 0.9020771513353111,
            "precision": 0.9405940594059405,
            "recall": 0.8665906499429875,
            "threshold": 8.297877684526611e-06
        },
        "event-based f1 under pa with mode log": {
            "f1": 0.5306122448979588,
            "precision": 0.41935483870967744,
            "recall": 0.7222222222222222,
            "threshold": 1.2765478459186852e-05
        },
        "event-based f1 under pa with mode squeeze": {
            "f1": 0.28571428571428537,
            "precision": 0.18181818181818182,
            "recall": 0.6666666666666665,
            "threshold": 1.2765478459186852e-05
        }
    },
    "machine-1-4": {
        "best f1 under pa": {
            "f1": 0.6410958904109584,
            "precision": 0.4978723404255319,
            "recall": 0.9,
            "threshold": 5.560214617617021e-07
        },
        "event-based f1 under pa with mode log": {
            "f1": 0.2325581395348835,
            "precision": 0.9999999999999998,
            "recall": 0.13157894736842105,
            "threshold": 6.217858026502654e-05
        },
        "event-based f1 under pa with mode squeeze": {
            "f1": 0.28571428571428537,
            "precision": 0.9999999999999996,
            "recall": 0.16666666666666663,
            "threshold": 6.217858026502654e-05
        }
    },
    "machine-1-5": {
        "best f1 under pa": {
            "f1": 0.7441860465116273,
            "precision": 1.0,
            "recall": 0.5925925925925926,
            "threshold": 0.21032248437404633
        },
        "event-based f1 under pa with mode log": {
            "f1": 0.7199999999999994,
            "precision": 0.9999999999999998,
            "recall": 0.5625,
            "threshold": 0.21032248437404633
        },
        "event-based f1 under pa with mode squeeze": {
            "f1": 0.7272727272727267,
            "precision": 0.9999999999999998,
            "recall": 0.5714285714285714,
            "threshold": 0.21032248437404633
        }
    },
    "machine-1-6": {
        "best f1 under pa": {
            "f1": 0.9905745642349897,
            "precision": 0.9868793413943916,
            "recall": 0.9942975635044065,
            "threshold": 0.023234672844409943
        },
        "event-based f1 under pa with mode log": {
            "f1": 0.7407407407407401,
            "precision": 0.6382978723404256,
            "recall": 0.8823529411764706,
            "threshold": 0.02607095241546631
        },
        "event-based f1 under pa with mode squeeze": {
            "f1": 0.5813953488372088,
            "precision": 0.44642857142857145,
            "recall": 0.8333333333333334,
            "threshold": 0.028391020372509956
        }
    },
    "machine-1-7": {
        "best f1 under pa": {
            "f1": 0.9900386257369379,
            "precision": 0.9914495114006515,
            "recall": 0.9886317498984978,
            "threshold": 0.0004708091146312654
        },
        "event-based f1 under pa with mode log": {
            "f1": 0.8717948717948713,
            "precision": 0.918918918918919,
            "recall": 0.8292682926829268,
            "threshold": 0.0015156054869294167
        },
        "event-based f1 under pa with mode squeeze": {
            "f1": 0.7692307692307686,
            "precision": 0.7692307692307692,
            "recall": 0.7692307692307692,
            "threshold": 0.0015156054869294167
        }
    },
    "machine-1-8": {
        "best f1 under pa": {
            "f1": 0.9636688505062532,
            "precision": 0.991421568627451,
            "recall": 0.9374275782155272,
            "threshold": 0.016697954386472702
        },
        "event-based f1 under pa with mode log": {
            "f1": 0.8222222222222216,
            "precision": 0.9024390243902439,
            "recall": 0.7551020408163265,
            "threshold": 0.01897411048412323
        },
        "event-based f1 under pa with mode squeeze": {
            "f1": 0.7368421052631572,
            "precision": 0.7777777777777778,
            "recall": 0.7,
            "threshold": 0.01897411048412323
        }
    }
}