{
    "best f1 under pa": {
        "f1": 0.8909843059098742,
        "precision": 0.9023743521665724,
        "recall": 0.9099425167692514
    },
    "event-based f1 under pa with mode log": {
        "f1": 0.6777932362341756,
        "precision": 0.7799743710105945,
        "recall": 0.7020447221999626
    },
    "event-based f1 under pa with mode squeeze": {
        "f1": 0.550414047396911,
        "precision": 0.6172772829022829,
        "recall": 0.6759157509157508
    }
}