{
    "best f1 under pa": {
        "f1": 0.8913907370189007,
        "precision": 0.8580626897494783,
        "recall": 0.9491250584587726
    },
    "event-based f1 under pa with mode log": {
        "f1": 0.6646579983023911,
        "precision": 0.7537591948216984,
        "recall": 0.6932662107954007
    },
    "event-based f1 under pa with mode squeeze": {
        "f1": 0.5278032153032148,
        "precision": 0.5731278153153152,
        "recall": 0.6509157509157509
    }
}