{
    "train_and_valid": 10464.0101837,
    "test": 331.31163679999736
}