{
    "machine-1-1": {
        "best f1 under pa": {
            "f1": 0.923234042553191,
            "precision": 0.8634192932187201,
            "recall": 0.991953182150695,
            "threshold": 0.9953813755154268
        },
        "event-based f1 under pa with mode log": {
            "f1": 0.6666666666666662,
            "precision": 1.0,
            "recall": 0.5,
            "threshold": 0.9984220097423531
        },
        "event-based f1 under pa with mode squeeze": {
            "f1": 0.545454545454545,
            "precision": 0.9999999999999997,
            "recall": 0.37499999999999994,
            "threshold": 0.9984220097423531
        }
    },
    "machine-1-2": {
        "best f1 under pa": {
            "f1": 0.8721422523285346,
            "precision": 0.8743633276740238,
            "recall": 0.8699324324324325,
            "threshold": 0.4900133636589594
        },
        "event-based f1 under pa with mode log": {
            "f1": 0.6376811594202894,
            "precision": 0.5641025641025641,
            "recall": 0.7333333333333333,
            "threshold": 0.6144351228156657
        },
        "event-based f1 under pa with mode squeeze": {
            "f1": 0.4444444444444438,
            "precision": 0.4999999999999999,
            "recall": 0.3999999999999999,
            "threshold": 0.7908851318114362
        }
    },
    "machine-1-3": {
        "best f1 under pa": {
            "f1": 0.23053435114503773,
            "precision": 0.34872979214780603,
            "recall": 0.17217787913340935,
            "threshold": 0.23057734558676013
        },
        "event-based f1 under pa with mode log": {
            "f1": 0.19999999999999976,
            "precision": 0.9999999999999998,
            "recall": 0.1111111111111111,
            "threshold": 1.0
        },
        "event-based f1 under pa with mode squeeze": {
            "f1": 0.15384615384615363,
            "precision": 0.9999999999999989,
            "recall": 0.08333333333333331,
            "threshold": 1.0
        }
    },
    "machine-1-4": {
        "best f1 under pa": {
            "f1": 0.5007633587786254,
            "precision": 0.4151898734177215,
            "recall": 0.6307692307692307,
            "threshold": 0.803628301869978
        },
        "event-based f1 under pa with mode log": {
            "f1": 0.2325581395348835,
            "precision": 0.9999999999999998,
            "recall": 0.13157894736842105,
            "threshold": 0.8036415830865145
        },
        "event-based f1 under pa with mode squeeze": {
            "f1": 0.28571428571428537,
            "precision": 0.9999999999999996,
            "recall": 0.16666666666666663,
            "threshold": 0.8036415830865145
        }
    },
    "machine-1-5": {
        "best f1 under pa": {
            "f1": 0.44999999999999957,
            "precision": 0.36,
            "recall": 0.6,
            "threshold": 0.9825092933575942
        },
        "event-based f1 under pa with mode log": {
            "f1": 0.11764705882352923,
            "precision": 0.06493506493506493,
            "recall": 0.625,
            "threshold": 0.9825092933575942
        },
        "event-based f1 under pa with mode squeeze": {
            "f1": 0.051612903225806375,
            "precision": 0.02702702702702703,
            "recall": 0.5714285714285714,
            "threshold": 0.9825092933575942
        }
    },
    "machine-1-6": {
        "best f1 under pa": {
            "f1": 0.9014806378132113,
            "precision": 1.0,
            "recall": 0.8206324520476931,
            "threshold": 1.0
        },
        "event-based f1 under pa with mode log": {
            "f1": 0.18666666666666648,
            "precision": 0.9999999999999999,
            "recall": 0.10294117647058823,
            "threshold": 1.0
        },
        "event-based f1 under pa with mode squeeze": {
            "f1": 0.064516129032258,
            "precision": 0.9999999999999989,
            "recall": 0.03333333333333333,
            "threshold": 1.0
        }
    },
    "machine-1-7": {
        "best f1 under pa": {
            "f1": 0.968663228877429,
            "precision": 0.9468786351298953,
            "recall": 0.9914738124238733,
            "threshold": 0.9695430076369663
        },
        "event-based f1 under pa with mode log": {
            "f1": 0.6813186813186808,
            "precision": 0.62,
            "recall": 0.7560975609756098,
            "threshold": 0.9928395217161456
        },
        "event-based f1 under pa with mode squeeze": {
            "f1": 0.43902439024390194,
            "precision": 0.32142857142857145,
            "recall": 0.6923076923076922,
            "threshold": 0.9928395217161456
        }
    },
    "machine-1-8": {
        "best f1 under pa": {
            "f1": 0.36967808930425716,
            "precision": 0.263573543928924,
            "recall": 0.6187717265353418,
            "threshold": 0.9972580465555925
        },
        "event-based f1 under pa with mode log": {
            "f1": 0.05263157894736808,
            "precision": 0.0335195530726257,
            "recall": 0.12244897959183673,
            "threshold": 0.9980297801242253
        },
        "event-based f1 under pa with mode squeeze": {
            "f1": 0.02051282051282033,
            "precision": 0.011428571428571429,
            "recall": 0.1,
            "threshold": 0.9980297801242253
        }
    }
}