{
    "train_and_valid": 391.9810921999998,
    "test": 16.630586300000004
}