{
    "machine-1-1": {
        "best f1 under pa": {
            "f1": 0.9959603378626509,
            "precision": 1.0,
            "recall": 0.991953182150695,
            "threshold": 0.9176858058619187
        },
        "event-based f1 under pa with mode log": {
            "f1": 0.8965517241379305,
            "precision": 1.0,
            "recall": 0.8125,
            "threshold": 0.9176858058619187
        },
        "event-based f1 under pa with mode squeeze": {
            "f1": 0.7692307692307686,
            "precision": 0.9999999999999998,
            "recall": 0.6249999999999999,
            "threshold": 0.9176858058619187
        }
    },
    "machine-1-2": {
        "best f1 under pa": {
            "f1": 0.9550748752079862,
            "precision": 0.940983606557377,
            "recall": 0.9695945945945946,
            "threshold": 0.606216779221823
        },
        "event-based f1 under pa with mode log": {
            "f1": 0.6666666666666662,
            "precision": 0.7037037037037037,
            "recall": 0.6333333333333333,
            "threshold": 0.7127736988476897
        },
        "event-based f1 under pa with mode squeeze": {
            "f1": 0.49999999999999933,
            "precision": 0.4285714285714285,
            "recall": 0.5999999999999999,
            "threshold": 0.7127736988476897
        }
    },
    "machine-1-3": {
        "best f1 under pa": {
            "f1": 0.9069624152803446,
            "precision": 0.9865951742627346,
            "recall": 0.8392246294184721,
            "threshold": 0.6093102019547213
        },
        "event-based f1 under pa with mode log": {
            "f1": 0.6857142857142852,
            "precision": 0.7058823529411765,
            "recall": 0.6666666666666666,
            "threshold": 0.6093102019547213
        },
        "event-based f1 under pa with mode squeeze": {
            "f1": 0.4999999999999995,
            "precision": 0.9999999999999998,
            "recall": 0.33333333333333326,
            "threshold": 0.7287858158532858
        }
    },
    "machine-1-4": {
        "best f1 under pa": {
            "f1": 0.6729138777331544,
            "precision": 0.5160848733744011,
            "recall": 0.9666666666666667,
            "threshold": 0.5082804412320782
        },
        "event-based f1 under pa with mode log": {
            "f1": 0.146341463414634,
            "precision": 0.9999999999999997,
            "recall": 0.07894736842105263,
            "threshold": 1.0
        },
        "event-based f1 under pa with mode squeeze": {
            "f1": 0.15384615384615363,
            "precision": 0.9999999999999989,
            "recall": 0.08333333333333331,
            "threshold": 1.0
        }
    },
    "machine-1-5": {
        "best f1 under pa": {
            "f1": 0.7441860465116273,
            "precision": 1.0,
            "recall": 0.5925925925925926,
            "threshold": 0.9979729903932645
        },
        "event-based f1 under pa with mode log": {
            "f1": 0.7199999999999994,
            "precision": 0.9999999999999998,
            "recall": 0.5625,
            "threshold": 0.9979729903932645
        },
        "event-based f1 under pa with mode squeeze": {
            "f1": 0.7272727272727267,
            "precision": 0.9999999999999998,
            "recall": 0.5714285714285714,
            "threshold": 0.9979729903932645
        }
    },
    "machine-1-6": {
        "best f1 under pa": {
            "f1": 0.9077074820346619,
            "precision": 0.9944427292374189,
            "recall": 0.834888543286677,
            "threshold": 0.7197397821428142
        },
        "event-based f1 under pa with mode log": {
            "f1": 0.3300970873786403,
            "precision": 0.4857142857142857,
            "recall": 0.25,
            "threshold": 0.7197397821428142
        },
        "event-based f1 under pa with mode squeeze": {
            "f1": 0.22222222222222174,
            "precision": 0.25,
            "recall": 0.2,
            "threshold": 0.7197397821428142
        }
    },
    "machine-1-7": {
        "best f1 under pa": {
            "f1": 0.9873262469337689,
            "precision": 0.9942363112391931,
            "recall": 0.9805115712545676,
            "threshold": 0.4641300028374146
        },
        "event-based f1 under pa with mode log": {
            "f1": 0.8533333333333328,
            "precision": 0.9411764705882353,
            "recall": 0.7804878048780488,
            "threshold": 0.4939278948163957
        },
        "event-based f1 under pa with mode squeeze": {
            "f1": 0.7619047619047613,
            "precision": 0.9999999999999998,
            "recall": 0.6153846153846153,
            "threshold": 0.5338011658023728
        }
    },
    "machine-1-8": {
        "best f1 under pa": {
            "f1": 0.4199066874027989,
            "precision": 0.6382978723404256,
            "recall": 0.3128621089223638,
            "threshold": 0.6655079007820648
        },
        "event-based f1 under pa with mode log": {
            "f1": 0.24999999999999972,
            "precision": 0.9999999999999999,
            "recall": 0.14285714285714285,
            "threshold": 0.8806310591437937
        },
        "event-based f1 under pa with mode squeeze": {
            "f1": 0.18181818181818163,
            "precision": 0.9999999999999996,
            "recall": 0.1,
            "threshold": 0.8806310591437937
        }
    }
}