{
    "machine-1-1": {
        "best f1 under pa": {
            "f1": 0.9950738916256153,
            "precision": 0.9927193301783764,
            "recall": 0.9974396488661302,
            "threshold": 0.8081485629081726
        },
        "event-based f1 under pa with mode log": {
            "f1": 0.7317073170731702,
            "precision": 0.6,
            "recall": 0.9375,
            "threshold": 0.8081485629081726
        },
        "event-based f1 under pa with mode squeeze": {
            "f1": 0.3999999999999995,
            "precision": 0.25925925925925924,
            "recall": 0.8749999999999998,
            "threshold": 0.8081485629081726
        }
    },
    "machine-1-2": {
        "best f1 under pa": {
            "f1": 0.8492462311557785,
            "precision": 0.8421926910299004,
            "recall": 0.856418918918919,
            "threshold": 1.0
        },
        "event-based f1 under pa with mode log": {
            "f1": 0.333333333333333,
            "precision": 0.21568627450980393,
            "recall": 0.7333333333333333,
            "threshold": 1.0
        },
        "event-based f1 under pa with mode squeeze": {
            "f1": 0.18181818181818135,
            "precision": 0.13043478260869565,
            "recall": 0.29999999999999993,
            "threshold": 1.0
        }
    },
    "machine-1-3": {
        "best f1 under pa": {
            "f1": 0.9022195560887816,
            "precision": 0.9518987341772152,
            "recall": 0.8574686431014823,
            "threshold": 1.0
        },
        "event-based f1 under pa with mode log": {
            "f1": 0.5199999999999995,
            "precision": 0.40625,
            "recall": 0.7222222222222222,
            "threshold": 1.0
        },
        "event-based f1 under pa with mode squeeze": {
            "f1": 0.2758620689655169,
            "precision": 0.17391304347826086,
            "recall": 0.6666666666666665,
            "threshold": 1.0
        }
    },
    "machine-1-4": {
        "best f1 under pa": {
            "f1": 0.9259506337558366,
            "precision": 0.9652294853963839,
            "recall": 0.8897435897435897,
            "threshold": 1.0
        },
        "event-based f1 under pa with mode log": {
            "f1": 0.5999999999999994,
            "precision": 0.5192307692307693,
            "recall": 0.7105263157894737,
            "threshold": 1.0
        },
        "event-based f1 under pa with mode squeeze": {
            "f1": 0.3555555555555551,
            "precision": 0.24242424242424243,
            "recall": 0.6666666666666665,
            "threshold": 1.0
        }
    },
    "machine-1-5": {
        "best f1 under pa": {
            "f1": 0.6430678466076691,
            "precision": 0.5343137254901961,
            "recall": 0.8074074074074075,
            "threshold": 1.0
        },
        "event-based f1 under pa with mode log": {
            "f1": 0.19512195121951195,
            "precision": 0.11214953271028037,
            "recall": 0.75,
            "threshold": 1.0
        },
        "event-based f1 under pa with mode squeeze": {
            "f1": 0.09345794392523353,
            "precision": 0.05,
            "recall": 0.7142857142857142,
            "threshold": 1.0
        }
    },
    "machine-1-6": {
        "best f1 under pa": {
            "f1": 0.9887407790863202,
            "precision": 0.9873352287412768,
            "recall": 0.9901503369621566,
            "threshold": 0.17129218578338623
        },
        "event-based f1 under pa with mode log": {
            "f1": 0.7482014388489203,
            "precision": 0.7323943661971831,
            "recall": 0.7647058823529411,
            "threshold": 0.364540159702301
        },
        "event-based f1 under pa with mode squeeze": {
            "f1": 0.6268656716417904,
            "precision": 0.5675675675675675,
            "recall": 0.7,
            "threshold": 0.43225088715553284
        }
    },
    "machine-1-7": {
        "best f1 under pa": {
            "f1": 0.9799438427597266,
            "precision": 0.9682917162108601,
            "recall": 0.9918798213560698,
            "threshold": 0.6345057487487793
        },
        "event-based f1 under pa with mode log": {
            "f1": 0.6229508196721307,
            "precision": 0.95,
            "recall": 0.4634146341463415,
            "threshold": 1.0
        },
        "event-based f1 under pa with mode squeeze": {
            "f1": 0.44444444444444386,
            "precision": 0.7999999999999998,
            "recall": 0.30769230769230765,
            "threshold": 1.0
        }
    },
    "machine-1-8": {
        "best f1 under pa": {
            "f1": 0.9564725833804405,
            "precision": 0.9337748344370861,
            "recall": 0.9803012746234068,
            "threshold": 1.0000001192092896
        },
        "event-based f1 under pa with mode log": {
            "f1": 0.6212121212121207,
            "precision": 0.4939759036144578,
            "recall": 0.8367346938775511,
            "threshold": 1.0000001192092896
        },
        "event-based f1 under pa with mode squeeze": {
            "f1": 0.444444444444444,
            "precision": 0.5,
            "recall": 0.4,
            "threshold": 1.0000001192092896
        }
    }
}