{
    "train_and_valid": 678.2205661000002,
    "test": 9.626737399999456
}