{
    "machine-2-1": {
        "best f1 under pa": {
            "f1": 0.9100775193798444,
            "precision": 0.8728624535315985,
            "recall": 0.9506072874493927,
            "threshold": 0.3373800459999297
        },
        "event-based f1 under pa with mode log": {
            "f1": 0.3287671232876708,
            "precision": 0.22641509433962265,
            "recall": 0.6,
            "threshold": 0.385054349310885
        },
        "event-based f1 under pa with mode squeeze": {
            "f1": 0.24999999999999967,
            "precision": 0.6666666666666665,
            "recall": 0.15384615384615383,
            "threshold": 0.48078771369457235
        }
    },
    "machine-2-2": {
        "best f1 under pa": {
            "f1": 0.931327433628318,
            "precision": 0.9525706010137581,
            "recall": 0.91101108033241,
            "threshold": 0.3485740037890714
        },
        "event-based f1 under pa with mode log": {
            "f1": 0.3913043478260865,
            "precision": 0.32727272727272727,
            "recall": 0.4864864864864865,
            "threshold": 0.35880238349162047
        },
        "event-based f1 under pa with mode squeeze": {
            "f1": 0.42857142857142805,
            "precision": 0.9999999999999997,
            "recall": 0.2727272727272727,
            "threshold": 0.7454197151186995
        }
    },
    "machine-2-3": {
        "best f1 under pa": {
            "f1": 0.8364249578414835,
            "precision": 0.9051094890510949,
            "recall": 0.7774294670846394,
            "threshold": 0.38255456364740764
        },
        "event-based f1 under pa with mode log": {
            "f1": 0.5945945945945941,
            "precision": 0.9999999999999999,
            "recall": 0.4230769230769231,
            "threshold": 0.4172803152440758
        },
        "event-based f1 under pa with mode squeeze": {
            "f1": 0.5714285714285708,
            "precision": 0.9999999999999998,
            "recall": 0.3999999999999999,
            "threshold": 0.4172803152440758
        }
    },
    "machine-2-4": {
        "best f1 under pa": {
            "f1": 0.8913649025069631,
            "precision": 0.89086859688196,
            "recall": 0.8918617614269788,
            "threshold": 0.351640638814857
        },
        "event-based f1 under pa with mode log": {
            "f1": 0.3392857142857138,
            "precision": 0.3392857142857143,
            "recall": 0.3392857142857143,
            "threshold": 0.37627205759872956
        },
        "event-based f1 under pa with mode squeeze": {
            "f1": 0.13114754098360612,
            "precision": 0.0975609756097561,
            "recall": 0.2,
            "threshold": 0.37627205759872956
        }
    },
    "machine-2-5": {
        "best f1 under pa": {
            "f1": 0.9802631578947363,
            "precision": 1.0,
            "recall": 0.9612903225806452,
            "threshold": 0.4150394749685684
        },
        "event-based f1 under pa with mode log": {
            "f1": 0.9306930693069302,
            "precision": 1.0,
            "recall": 0.8703703703703703,
            "threshold": 0.4150394749685684
        },
        "event-based f1 under pa with mode squeeze": {
            "f1": 0.9230769230769225,
            "precision": 1.0,
            "recall": 0.8571428571428571,
            "threshold": 0.4150394749685684
        }
    },
    "machine-2-6": {
        "best f1 under pa": {
            "f1": 0.48833333333333284,
            "precision": 0.39648173207036536,
            "recall": 0.6355748373101953,
            "threshold": 0.3458964763528105
        },
        "event-based f1 under pa with mode log": {
            "f1": 0.275862068965517,
            "precision": 0.9999999999999998,
            "recall": 0.16,
            "threshold": 0.9999999998628917
        },
        "event-based f1 under pa with mode squeeze": {
            "f1": 0.22222222222222193,
            "precision": 0.9999999999999989,
            "recall": 0.12499999999999997,
            "threshold": 0.9999999998628917
        }
    },
    "machine-2-7": {
        "best f1 under pa": {
            "f1": 0.84775465498357,
            "precision": 0.9772727272727273,
            "recall": 0.7485493230174082,
            "threshold": 0.35314588859359713
        },
        "event-based f1 under pa with mode log": {
            "f1": 0.5079365079365075,
            "precision": 0.8888888888888888,
            "recall": 0.35555555555555557,
            "threshold": 0.36126930822946624
        },
        "event-based f1 under pa with mode squeeze": {
            "f1": 0.4285714285714281,
            "precision": 0.7499999999999999,
            "recall": 0.3,
            "threshold": 0.36126930822946624
        }
    },
    "machine-2-8": {
        "best f1 under pa": {
            "f1": 0.9999999999999996,
            "precision": 1.0,
            "recall": 1.0,
            "threshold": 0.9999999998722616
        },
        "event-based f1 under pa with mode log": {
            "f1": 0.9999999999999993,
            "precision": 0.9999999999999998,
            "recall": 0.9999999999999998,
            "threshold": 0.9999999998722616
        },
        "event-based f1 under pa with mode squeeze": {
            "f1": 0.9999999999999983,
            "precision": 0.9999999999999989,
            "recall": 0.9999999999999989,
            "threshold": 0.9999999998722616
        }
    },
    "machine-2-9": {
        "best f1 under pa": {
            "f1": 0.865606485812285,
            "precision": 0.9900142653352354,
            "recall": 0.7689750692520776,
            "threshold": 0.4349766838645033
        },
        "event-based f1 under pa with mode log": {
            "f1": 0.678571428571428,
            "precision": 1.0,
            "recall": 0.5135135135135135,
            "threshold": 0.6111888135293841
        },
        "event-based f1 under pa with mode squeeze": {
            "f1": 0.5714285714285708,
            "precision": 0.9999999999999998,
            "recall": 0.3999999999999999,
            "threshold": 0.6111888135293841
        }
    }
}