{
    "train_and_valid": 4754.979594800003,
    "test": 389.34611740000037
}