{
    "train_and_valid": 0.001075200000000276,
    "test": 0.04187459999999987
}