Method,machine-1,machine-2,machine-3
CAD,0.5731278153153152,0.78328488473416,0.7241161616161615
HyperTimesNet,0.3632113546176045,0.4405739402646209,0.5573290459669608
MTSExample,0.6885375784929356,0.8156885090218422,0.7230452296241768
MTSTimesNet,0.6276230648282529,0.7555865921787703,0.8405729022750293
NewTimesNet,0.3404498619172532,0.3135426980858251,0.4030146182320093
