Method,machine-1,machine-2,machine-3
CAD,0.9491250584587726,0.992084451890109,0.9351029475011672
HyperTimesNet,0.8809677187127212,0.9717954952324658,0.9390484922180914
MTSExample,0.8906491423210176,0.984001881920162,0.9037568966148402
MTSTimesNet,0.7830095722661471,0.8635997902320917,0.7993659223541472
NewTimesNet,0.9213512051223952,0.9815295229371834,0.9498730583639126
