Method,machine-1,machine-2,machine-3
CAD,0.6646579983023911,0.8111573856377767,0.7448022329251507
HyperTimesNet,0.5371817917413698,0.4319759709306463,0.4692029063566218
MTSExample,0.6968462238011739,0.8354945837498057,0.7685030766970358
MTSTimesNet,0.2254560745778866,0.3261967922285971,0.4491110518012183
NewTimesNet,0.5465658726698981,0.4434352087969866,0.4522324392947756
