Method,machine-1,machine-2,machine-3
CAD,0.8580626897494783,0.9537826515983446,0.9376620547364564
HyperTimesNet,0.8933237862356235,0.884468417266734,0.8301517613315826
MTSExample,0.9193002665633574,0.9760160020615049,0.985348181060398
MTSTimesNet,0.7289464519839611,0.8156210294828856,0.7785944095761436
NewTimesNet,0.8969694682076619,0.8799548513693666,0.8129918264302507
