Method,machine-1,machine-2,machine-3
CAD,0.6509157509157509,0.721165871165871,0.6535018012290738
HyperTimesNet,0.5427770146520146,0.5638074888074887,0.4031309599491416
MTSExample,0.6363324175824175,0.7517214267214266,0.6769177791905063
MTSTimesNet,0.1222641941391941,0.2468226218226216,0.3093293070565797
NewTimesNet,0.5787889194139194,0.599161024161024,0.3343663911845729
