Method,machine-1,machine-2,machine-3
CAD,0.7537591948216984,0.8272962351548038,0.8538993624478213
HyperTimesNet,0.5099699172947929,0.3242409744325444,0.6002575751879271
MTSExample,0.8320895335718481,0.8661447551937195,0.8180093461926841
MTSTimesNet,0.6248604652916839,0.5557204418994647,0.8607174216930313
NewTimesNet,0.5037108557828118,0.3339687293776013,0.5024575238421302
