Method,machine-1,machine-2,machine-3
CAD,0.6932662107954007,0.8153088986422321,0.697252142896426
HyperTimesNet,0.7142225273720957,0.8903477286810619,0.5946680965737227
MTSExample,0.6720327173980418,0.8284068500735168,0.7661728773344018
MTSTimesNet,0.2369085612957207,0.3484806723695612,0.3606537896465301
NewTimesNet,0.7398046352152329,0.9008224891558224,0.5575136901815667
