Method,machine-1,machine-2,machine-3
CAD,0.8913907370189007,0.9718326719238676,0.9298283516437944
HyperTimesNet,0.8860062115037599,0.9239395044670392,0.8636300928863623
MTSExample,0.8908859684948505,0.979778049890896,0.9392349274212388
MTSTimesNet,0.7411227679111594,0.8186830325552944,0.7636655020284181
NewTimesNet,0.9050894205575212,0.925933583854214,0.8606656828470942
