Method,machine-1,machine-2,machine-3
CAD,0.5278032153032148,0.7081495361024117,0.6457764490950239
HyperTimesNet,0.3480127954384153,0.2823576762218405,0.3507197898733216
MTSExample,0.5980010973250769,0.7398678550847806,0.6542157845057526
MTSTimesNet,0.1669817568939499,0.2670145903479233,0.3663354322445227
NewTimesNet,0.3528060388493955,0.2709128613631891,0.3157681886227262
