Method,machine-1,machine-2,machine-3
CAD,0.9491250584587726,0.992084451890109,0.9351029475011672
HyperTimesNet,0.9494179113488496,0.9678396915541828,0.9458329943059806
MTSExample,0.8906491423210176,0.984001881920162,0.9037568966148402
MTSTimesNet,0.7830095722661471,0.8635997902320917,0.7993659223541472
NewTimesNet,0.9213512051223952,0.9815295229371834,0.9498730583639126
