{
    "train_and_valid": 825.6214998999994,
    "test": 471.12187219999987
}