{
    "train_and_valid": 642.1236433000004,
    "test": 927.5905507000002
}