{
    "train_and_valid": 0.07833150000000177,
    "test": 9.4293896
}