{
    "machine-2-1": {
        "best f1 under pa": {
            "f1": 0.9263489562820002,
            "precision": 0.901840490797546,
            "recall": 0.9522267206477733,
            "threshold": 1.0000001192092896
        },
        "event-based f1 under pa with mode log": {
            "f1": 0.36097560975609716,
            "precision": 0.22424242424242424,
            "recall": 0.925,
            "threshold": 1.0000001192092896
        },
        "event-based f1 under pa with mode squeeze": {
            "f1": 0.15686274509803905,
            "precision": 0.08571428571428572,
            "recall": 0.9230769230769229,
            "threshold": 1.0000001192092896
        }
    },
    "machine-2-2": {
        "best f1 under pa": {
            "f1": 0.9605351170568557,
            "precision": 0.9288486416558862,
            "recall": 0.9944598337950139,
            "threshold": 0.8136183619499207
        },
        "event-based f1 under pa with mode log": {
            "f1": 0.22839506172839483,
            "precision": 0.1289198606271777,
            "recall": 1.0,
            "threshold": 0.6378923654556274
        },
        "event-based f1 under pa with mode squeeze": {
            "f1": 0.08088235294117638,
            "precision": 0.0421455938697318,
            "recall": 0.9999999999999999,
            "threshold": 0.6378923654556274
        }
    },
    "machine-2-3": {
        "best f1 under pa": {
            "f1": 0.8540829986613113,
            "precision": 0.7453271028037384,
            "recall": 1.0,
            "threshold": 1.0
        },
        "event-based f1 under pa with mode log": {
            "f1": 0.322981366459627,
            "precision": 0.1925925925925926,
            "recall": 1.0,
            "threshold": 1.0
        },
        "event-based f1 under pa with mode squeeze": {
            "f1": 0.1818181818181816,
            "precision": 0.9999999999999989,
            "recall": 0.09999999999999998,
            "threshold": 1.0
        }
    },
    "machine-2-4": {
        "best f1 under pa": {
            "f1": 0.9832002203249788,
            "precision": 0.9716929776810016,
            "recall": 0.9949832775919732,
            "threshold": 1.0
        },
        "event-based f1 under pa with mode log": {
            "f1": 0.6666666666666662,
            "precision": 0.5094339622641509,
            "recall": 0.9642857142857143,
            "threshold": 1.0
        },
        "event-based f1 under pa with mode squeeze": {
            "f1": 0.4444444444444439,
            "precision": 0.857142857142857,
            "recall": 0.3,
            "threshold": 1.0
        }
    },
    "machine-2-5": {
        "best f1 under pa": {
            "f1": 0.976597659765976,
            "precision": 0.9542656112576957,
            "recall": 1.0,
            "threshold": 1.0
        },
        "event-based f1 under pa with mode log": {
            "f1": 0.6749999999999995,
            "precision": 0.5094339622641509,
            "recall": 1.0,
            "threshold": 1.0
        },
        "event-based f1 under pa with mode squeeze": {
            "f1": 0.454545454545454,
            "precision": 0.43478260869565216,
            "recall": 0.47619047619047616,
            "threshold": 1.0
        }
    },
    "machine-2-6": {
        "best f1 under pa": {
            "f1": 0.8900308324768751,
            "precision": 0.845703125,
            "recall": 0.9392624728850325,
            "threshold": 1.0000001192092896
        },
        "event-based f1 under pa with mode log": {
            "f1": 0.34920634920634885,
            "precision": 0.21782178217821782,
            "recall": 0.88,
            "threshold": 1.0000001192092896
        },
        "event-based f1 under pa with mode squeeze": {
            "f1": 0.22222222222222193,
            "precision": 0.9999999999999989,
            "recall": 0.12499999999999997,
            "threshold": 1.0000001192092896
        }
    },
    "machine-2-7": {
        "best f1 under pa": {
            "f1": 0.9074074074074069,
            "precision": 0.8703374777975134,
            "recall": 0.9477756286266924,
            "threshold": 1.0
        },
        "event-based f1 under pa with mode log": {
            "f1": 0.5090909090909086,
            "precision": 0.4307692307692308,
            "recall": 0.6222222222222222,
            "threshold": 1.0
        },
        "event-based f1 under pa with mode squeeze": {
            "f1": 0.37142857142857105,
            "precision": 0.26,
            "recall": 0.65,
            "threshold": 1.0
        }
    },
    "machine-2-8": {
        "best f1 under pa": {
            "f1": 0.8829787234042548,
            "precision": 0.7904761904761904,
            "recall": 1.0,
            "threshold": 1.0
        },
        "event-based f1 under pa with mode log": {
            "f1": 0.1538461538461537,
            "precision": 0.08333333333333333,
            "recall": 0.9999999999999998,
            "threshold": 1.0
        },
        "event-based f1 under pa with mode squeeze": {
            "f1": 0.043478260869565175,
            "precision": 0.022222222222222223,
            "recall": 0.9999999999999989,
            "threshold": 1.0
        }
    },
    "machine-2-9": {
        "best f1 under pa": {
            "f1": 0.9342736248236949,
            "precision": 0.9517241379310345,
            "recall": 0.9174515235457064,
            "threshold": 0.06607142835855484
        },
        "event-based f1 under pa with mode log": {
            "f1": 0.621621621621621,
            "precision": 0.6216216216216216,
            "recall": 0.6216216216216216,
            "threshold": 1.0
        },
        "event-based f1 under pa with mode squeeze": {
            "f1": 0.344827586206896,
            "precision": 0.2631578947368421,
            "recall": 0.4999999999999999,
            "threshold": 1.0
        }
    }
}