{
    "best f1 under pa": {
        "f1": 0.9239395044670391,
        "precision": 0.884468417266734,
        "recall": 0.9717954952324658
    },
    "event-based f1 under pa with mode log": {
        "f1": 0.4319759709306463,
        "precision": 0.32424097443254446,
        "recall": 0.8903477286810619
    },
    "event-based f1 under pa with mode squeeze": {
        "f1": 0.2556122021749499,
        "precision": 0.44057394026462093,
        "recall": 0.5638074888074887
    }
}