{
    "train_and_valid": 8188.250352700001,
    "test": 277.265066799999
}