{
    "machine-1-1": {
        "best f1 under pa": {
            "f1": 0.9670172936352285,
            "precision": 0.943304347826087,
            "recall": 0.991953182150695,
            "threshold": 7.178169471444562e-05
        },
        "event-based f1 under pa with mode log": {
            "f1": 0.23529411764705857,
            "precision": 0.13756613756613756,
            "recall": 0.8125,
            "threshold": 7.178169471444562e-05
        },
        "event-based f1 under pa with mode squeeze": {
            "f1": 0.12499999999999947,
            "precision": 0.12499999999999997,
            "recall": 0.12499999999999997,
            "threshold": 0.7614130973815918
        }
    },
    "machine-1-2": {
        "best f1 under pa": {
            "f1": 0.6436041834271918,
            "precision": 0.6144393241167435,
            "recall": 0.6756756756756757,
            "threshold": 0.08338043838739395
        },
        "event-based f1 under pa with mode log": {
            "f1": 0.324324324324324,
            "precision": 0.857142857142857,
            "recall": 0.2,
            "threshold": 0.8983563184738159
        },
        "event-based f1 under pa with mode squeeze": {
            "f1": 0.30769230769230727,
            "precision": 0.6666666666666665,
            "recall": 0.19999999999999996,
            "threshold": 0.8983563184738159
        }
    },
    "machine-1-3": {
        "best f1 under pa": {
            "f1": 0.7739463601532561,
            "precision": 0.7442105263157894,
            "recall": 0.806157354618016,
            "threshold": 4.896544851362705e-06
        },
        "event-based f1 under pa with mode log": {
            "f1": 0.19999999999999976,
            "precision": 0.9999999999999998,
            "recall": 0.1111111111111111,
            "threshold": 1.0
        },
        "event-based f1 under pa with mode squeeze": {
            "f1": 0.15384615384615363,
            "precision": 0.9999999999999989,
            "recall": 0.08333333333333331,
            "threshold": 1.0
        }
    },
    "machine-1-4": {
        "best f1 under pa": {
            "f1": 0.7456186935740833,
            "precision": 0.6364460562103355,
            "recall": 0.9,
            "threshold": 9.666164260124788e-07
        },
        "event-based f1 under pa with mode log": {
            "f1": 0.146341463414634,
            "precision": 0.9999999999999997,
            "recall": 0.07894736842105263,
            "threshold": 1.0
        },
        "event-based f1 under pa with mode squeeze": {
            "f1": 0.15384615384615363,
            "precision": 0.9999999999999989,
            "recall": 0.08333333333333331,
            "threshold": 1.0
        }
    },
    "machine-1-5": {
        "best f1 under pa": {
            "f1": 0.40201005025125586,
            "precision": 0.3041825095057034,
            "recall": 0.5925925925925926,
            "threshold": 0.27892938256263733
        },
        "event-based f1 under pa with mode log": {
            "f1": 0.222222222222222,
            "precision": 0.9999999999999996,
            "recall": 0.125,
            "threshold": 1.0
        },
        "event-based f1 under pa with mode squeeze": {
            "f1": 0.2499999999999997,
            "precision": 0.9999999999999989,
            "recall": 0.14285714285714285,
            "threshold": 1.0
        }
    },
    "machine-1-6": {
        "best f1 under pa": {
            "f1": 0.9596665770368372,
            "precision": 0.996927374301676,
            "recall": 0.9250907205806117,
            "threshold": 0.20604965090751648
        },
        "event-based f1 under pa with mode log": {
            "f1": 0.26373626373626335,
            "precision": 0.5217391304347826,
            "recall": 0.17647058823529413,
            "threshold": 0.20604965090751648
        },
        "event-based f1 under pa with mode squeeze": {
            "f1": 0.09302325581395306,
            "precision": 0.15384615384615383,
            "recall": 0.06666666666666667,
            "threshold": 0.20604965090751648
        }
    },
    "machine-1-7": {
        "best f1 under pa": {
            "f1": 0.9087057010785818,
            "precision": 0.8644192011725907,
            "recall": 0.9577750710515631,
            "threshold": 0.0005315965390764177
        },
        "event-based f1 under pa with mode log": {
            "f1": 0.19354838709677372,
            "precision": 0.2857142857142857,
            "recall": 0.14634146341463414,
            "threshold": 0.5918225049972534
        },
        "event-based f1 under pa with mode squeeze": {
            "f1": 0.14285714285714268,
            "precision": 0.9999999999999989,
            "recall": 0.07692307692307691,
            "threshold": 1.0
        }
    },
    "machine-1-8": {
        "best f1 under pa": {
            "f1": 0.5284132841328408,
            "precision": 0.7276422764227642,
            "recall": 0.4148319814600232,
            "threshold": 0.06554389744997025
        },
        "event-based f1 under pa with mode log": {
            "f1": 0.21818181818181767,
            "precision": 0.19672131147540983,
            "recall": 0.24489795918367346,
            "threshold": 0.21633262932300568
        },
        "event-based f1 under pa with mode squeeze": {
            "f1": 0.10958904109589002,
            "precision": 0.07547169811320754,
            "recall": 0.2,
            "threshold": 0.21633262932300568
        }
    }
}