{
    "machine-1-1": {
        "best f1 under pa": {
            "f1": 0.9996343692870195,
            "precision": 0.9992690058479532,
            "recall": 1.0,
            "threshold": 1.869955331663483e-06
        },
        "event-based f1 under pa with mode log": {
            "f1": 0.9696969696969692,
            "precision": 0.9411764705882353,
            "recall": 1.0,
            "threshold": 1.869955331663483e-06
        },
        "event-based f1 under pa with mode squeeze": {
            "f1": 0.8888888888888881,
            "precision": 0.7999999999999998,
            "recall": 0.9999999999999998,
            "threshold": 1.869955331663483e-06
        }
    },
    "machine-1-2": {
        "best f1 under pa": {
            "f1": 0.8933217692974842,
            "precision": 0.9180035650623886,
            "recall": 0.8699324324324325,
            "threshold": 0.047985083396290644
        },
        "event-based f1 under pa with mode log": {
            "f1": 0.7213114754098355,
            "precision": 0.7096774193548387,
            "recall": 0.7333333333333333,
            "threshold": 0.11911840815523937
        },
        "event-based f1 under pa with mode squeeze": {
            "f1": 0.5384615384615379,
            "precision": 0.4375,
            "recall": 0.6999999999999998,
            "threshold": 0.11911840815523937
        }
    },
    "machine-1-3": {
        "best f1 under pa": {
            "f1": 0.913461538461538,
            "precision": 0.96569250317662,
            "recall": 0.8665906499429875,
            "threshold": 8.363894015196557e-06
        },
        "event-based f1 under pa with mode log": {
            "f1": 0.6499999999999995,
            "precision": 0.5909090909090909,
            "recall": 0.7222222222222222,
            "threshold": 1.3362954357282925e-05
        },
        "event-based f1 under pa with mode squeeze": {
            "f1": 0.4210526315789469,
            "precision": 0.3076923076923077,
            "recall": 0.6666666666666665,
            "threshold": 1.3362954357282925e-05
        }
    },
    "machine-1-4": {
        "best f1 under pa": {
            "f1": 0.6458141674333021,
            "precision": 0.503586800573888,
            "recall": 0.9,
            "threshold": 5.705799007547728e-07
        },
        "event-based f1 under pa with mode log": {
            "f1": 0.2325581395348835,
            "precision": 0.9999999999999998,
            "recall": 0.13157894736842105,
            "threshold": 6.711318043914143e-05
        },
        "event-based f1 under pa with mode squeeze": {
            "f1": 0.28571428571428537,
            "precision": 0.9999999999999996,
            "recall": 0.16666666666666663,
            "threshold": 6.711318043914143e-05
        }
    },
    "machine-1-5": {
        "best f1 under pa": {
            "f1": 0.7441860465116273,
            "precision": 1.0,
            "recall": 0.5925925925925926,
            "threshold": 0.3682301890348945
        },
        "event-based f1 under pa with mode log": {
            "f1": 0.7199999999999994,
            "precision": 0.9999999999999998,
            "recall": 0.5625,
            "threshold": 0.3682301890348945
        },
        "event-based f1 under pa with mode squeeze": {
            "f1": 0.7272727272727267,
            "precision": 0.9999999999999998,
            "recall": 0.5714285714285714,
            "threshold": 0.3682301890348945
        }
    },
    "machine-1-6": {
        "best f1 under pa": {
            "f1": 0.9847874138603557,
            "precision": 0.987998956430994,
            "recall": 0.9815966822187662,
            "threshold": 0.04128780416378767
        },
        "event-based f1 under pa with mode log": {
            "f1": 0.6624203821656044,
            "precision": 0.5842696629213483,
            "recall": 0.7647058823529411,
            "threshold": 0.04246246028299702
        },
        "event-based f1 under pa with mode squeeze": {
            "f1": 0.5063291139240501,
            "precision": 0.40816326530612246,
            "recall": 0.6666666666666666,
            "threshold": 0.04378148014139048
        }
    },
    "machine-1-7": {
        "best f1 under pa": {
            "f1": 0.9945310917561266,
            "precision": 0.99232012934519,
            "recall": 0.9967519285424279,
            "threshold": 0.0005836640931421209
        },
        "event-based f1 under pa with mode log": {
            "f1": 0.8717948717948713,
            "precision": 0.918918918918919,
            "recall": 0.8292682926829268,
            "threshold": 0.001606384202523081
        },
        "event-based f1 under pa with mode squeeze": {
            "f1": 0.7692307692307686,
            "precision": 0.7692307692307692,
            "recall": 0.7692307692307692,
            "threshold": 0.001606384202523081
        }
    },
    "machine-1-8": {
        "best f1 under pa": {
            "f1": 0.9513513513513508,
            "precision": 0.9875311720698254,
            "recall": 0.9177288528389339,
            "threshold": 0.017500321493260574
        },
        "event-based f1 under pa with mode log": {
            "f1": 0.7469879518072284,
            "precision": 0.9117647058823529,
            "recall": 0.6326530612244898,
            "threshold": 0.02046951428456119
        },
        "event-based f1 under pa with mode squeeze": {
            "f1": 0.6470588235294112,
            "precision": 0.7857142857142856,
            "recall": 0.55,
            "threshold": 0.02046951428456119
        }
    }
}