{
    "best f1 under pa": {
        "f1": 0.7411227679111594,
        "precision": 0.7289464519839611,
        "recall": 0.7830095722661471
    },
    "event-based f1 under pa with mode log": {
        "f1": 0.22545607457788663,
        "precision": 0.6248604652916839,
        "recall": 0.2369085612957207
    },
    "event-based f1 under pa with mode squeeze": {
        "f1": 0.1669817568939499,
        "precision": 0.6276230648282529,
        "recall": 0.12226419413919412
    }
}