{
    "train_and_valid": 28.328692900000014,
    "test": 16.43208889999999
}