{
    "train_and_valid": 854.7413108000001,
    "test": 38.52602060000004
}