{
    "train_and_valid": 1146.2648830999997,
    "test": 105.69200770000066
}