{
    "train_and_valid": 6691.4133563000005,
    "test": 191.79922520000036
}