{
    "train_and_valid": 8419.722187000005,
    "test": 249.63988099999733
}