{
    "train_and_valid": 3729.3878446,
    "test": 293.0476919999992
}