{
    "train_and_valid": 0.0008773999999998061,
    "test": 0.032284199999999874
}