{
    "train_and_valid": 0.0001280000000005721,
    "test": 0.017996600000000473
}