{
    "train_and_valid": 0.0009563000000012423,
    "test": 0.03164140000000071
}