{
    "train_and_valid": 0.000843799999999284,
    "test": 0.025801199999999636
}