{
    "best f1 under pa": {
        "f1": 0.822957958181038,
        "precision": 0.8713307229021997,
        "recall": 0.8365661990056883
    },
    "event-based f1 under pa with mode log": {
        "f1": 0.5422390502022784,
        "precision": 0.6749603174603174,
        "recall": 0.49339512574539784
    },
    "event-based f1 under pa with mode squeeze": {
        "f1": 0.4350877289351586,
        "precision": 0.6983748556343835,
        "recall": 0.38610404746768373
    }
}