{
    "train_and_valid": 426.64872560000003,
    "test": 6.3345039999999955
}