{
    "train_and_valid": 463.1447112999999,
    "test": 7.13590539999997
}