{
    "train_and_valid": 0.0009892000000006895,
    "test": 0.026003600000000127
}