{
    "train_and_valid": 3340.8397478000006,
    "test": 276.6986298000005
}