{
    "train_and_valid": 125.63165569999995,
    "test": 45.293555599999934
}