{
    "machine-2-1": {
        "best f1 under pa": {
            "f1": 0.83815735833673,
            "precision": 0.8440065681444991,
            "recall": 0.8323886639676114,
            "threshold": 0.00036519370041787624
        },
        "event-based f1 under pa with mode log": {
            "f1": 0.20270270270270233,
            "precision": 0.1388888888888889,
            "recall": 0.375,
            "threshold": 0.0005190545925870538
        },
        "event-based f1 under pa with mode squeeze": {
            "f1": 0.07633587786259523,
            "precision": 0.0423728813559322,
            "recall": 0.3846153846153846,
            "threshold": 0.0004757140704896301
        }
    },
    "machine-2-2": {
        "best f1 under pa": {
            "f1": 0.967854039965247,
            "precision": 0.9713986745727241,
            "recall": 0.9643351800554016,
            "threshold": 0.0037276886869221926
        },
        "event-based f1 under pa with mode log": {
            "f1": 0.4507042253521122,
            "precision": 0.47058823529411764,
            "recall": 0.43243243243243246,
            "threshold": 0.07838257402181625
        },
        "event-based f1 under pa with mode squeeze": {
            "f1": 0.18749999999999953,
            "precision": 0.14285714285714285,
            "recall": 0.2727272727272727,
            "threshold": 0.07838257402181625
        }
    },
    "machine-2-3": {
        "best f1 under pa": {
            "f1": 0.03622345958514345,
            "precision": 0.018472291562656017,
            "recall": 0.9278996865203761,
            "threshold": 2.1524920157389715e-06
        },
        "event-based f1 under pa with mode log": {
            "f1": 0.004439511653718036,
            "precision": 0.002285714285714286,
            "recall": 0.07692307692307693,
            "threshold": 0.00014326447853818536
        },
        "event-based f1 under pa with mode squeeze": {
            "f1": 0.002262443438914005,
            "precision": 0.0011441647597254005,
            "recall": 0.09999999999999998,
            "threshold": 0.00014326447853818536
        }
    },
    "machine-2-4": {
        "best f1 under pa": {
            "f1": 0.5852941176470583,
            "precision": 0.8596112311015118,
            "recall": 0.443701226309922,
            "threshold": 0.023587334901094437
        },
        "event-based f1 under pa with mode log": {
            "f1": 0.10204081632653021,
            "precision": 0.07142857142857142,
            "recall": 0.17857142857142858,
            "threshold": 0.023587334901094437
        },
        "event-based f1 under pa with mode squeeze": {
            "f1": 0.026315789473683984,
            "precision": 0.015151515151515152,
            "recall": 0.1,
            "threshold": 0.023587334901094437
        }
    },
    "machine-2-5": {
        "best f1 under pa": {
            "f1": 0.6144578313253006,
            "precision": 0.6747519294377067,
            "recall": 0.5640552995391706,
            "threshold": 0.0024996669963002205
        },
        "event-based f1 under pa with mode log": {
            "f1": 0.12698412698412648,
            "precision": 0.1111111111111111,
            "recall": 0.14814814814814814,
            "threshold": 0.0189701858907938
        },
        "event-based f1 under pa with mode squeeze": {
            "f1": 0.054054054054053564,
            "precision": 0.0625,
            "recall": 0.047619047619047616,
            "threshold": 0.16486261785030365
        }
    },
    "machine-2-6": {
        "best f1 under pa": {
            "f1": 0.04228581911575854,
            "precision": 0.021599587686829406,
            "recall": 1.0,
            "threshold": 0.0002036496007349342
        },
        "event-based f1 under pa with mode log": {
            "f1": 0.004219409282700388,
            "precision": 0.0021474588403722263,
            "recall": 0.12,
            "threshold": 0.00036993666435591877
        },
        "event-based f1 under pa with mode squeeze": {
            "f1": 0.0014255167498217992,
            "precision": 0.0007168458781362007,
            "recall": 0.12499999999999997,
            "threshold": 0.00036993666435591877
        }
    },
    "machine-2-7": {
        "best f1 under pa": {
            "f1": 0.6927374301675973,
            "precision": 0.8201058201058201,
            "recall": 0.5996131528046421,
            "threshold": 0.06716058403253555
        },
        "event-based f1 under pa with mode log": {
            "f1": 0.08474576271186393,
            "precision": 0.0684931506849315,
            "recall": 0.1111111111111111,
            "threshold": 0.06716058403253555
        },
        "event-based f1 under pa with mode squeeze": {
            "f1": 0.022471910112359203,
            "precision": 0.014492753623188406,
            "recall": 0.05,
            "threshold": 0.06716058403253555
        }
    },
    "machine-2-8": {
        "best f1 under pa": {
            "f1": 0.01832128469731249,
            "precision": 0.009245335561125034,
            "recall": 1.0,
            "threshold": 6.422058504540473e-06
        },
        "event-based f1 under pa with mode log": {
            "f1": 0.0004495139630274761,
            "precision": 0.00022480750857078628,
            "recall": 0.9999999999999998,
            "threshold": 6.422058504540473e-06
        },
        "event-based f1 under pa with mode squeeze": {
            "f1": 0.00011241639030970704,
            "precision": 5.621135469364812e-05,
            "recall": 0.9999999999999989,
            "threshold": 6.422058504540473e-06
        }
    },
    "machine-2-9": {
        "best f1 under pa": {
            "f1": 0.1563417949055196,
            "precision": 0.08488859264901924,
            "recall": 0.9878116343490305,
            "threshold": 0.0003546943189576268
        },
        "event-based f1 under pa with mode log": {
            "f1": 0.003631010794896954,
            "precision": 0.0018188074521948581,
            "recall": 1.0,
            "threshold": 7.038280358528937e-08
        },
        "event-based f1 under pa with mode squeeze": {
            "f1": 0.0009839614287119934,
            "precision": 0.0004922228785193936,
            "recall": 0.9999999999999998,
            "threshold": 7.038280358528937e-08
        }
    }
}