{
    "best f1 under pa": {
        "f1": 0.43907479286062967,
        "precision": 0.4782311145357657,
        "recall": 0.813311649282906
    },
    "event-based f1 under pa with mode log": {
        "f1": 0.10887967553018645,
        "precision": 0.09633186061049698,
        "recall": 0.3824651330206885
    },
    "event-based f1 under pa with mode squeeze": {
        "f1": 0.041273552167827667,
        "precision": 0.031087081984317026,
        "recall": 0.3422179672179671
    }
}