{
    "train_and_valid": 667.3191191000001,
    "test": 202.71101040000053
}