{
    "machine-2-1": {
        "best f1 under pa": {
            "f1": 0.9760383386581464,
            "precision": 0.9629629629629629,
            "recall": 0.9894736842105263,
            "threshold": 0.0006673897351938963
        },
        "event-based f1 under pa with mode log": {
            "f1": 0.7761194029850741,
            "precision": 0.9629629629629629,
            "recall": 0.65,
            "threshold": 0.007388368018524936
        },
        "event-based f1 under pa with mode squeeze": {
            "f1": 0.7272727272727266,
            "precision": 0.8888888888888887,
            "recall": 0.6153846153846153,
            "threshold": 0.007388368018524936
        }
    },
    "machine-2-2": {
        "best f1 under pa": {
            "f1": 0.9853292391675191,
            "precision": 0.9710827168796234,
            "recall": 1.0,
            "threshold": 0.004325508810644169
        },
        "event-based f1 under pa with mode log": {
            "f1": 0.6363636363636358,
            "precision": 0.5490196078431373,
            "recall": 0.7567567567567568,
            "threshold": 0.025433728092147674
        },
        "event-based f1 under pa with mode squeeze": {
            "f1": 0.42857142857142805,
            "precision": 0.9999999999999997,
            "recall": 0.2727272727272727,
            "threshold": 0.6956786175744968
        }
    },
    "machine-2-3": {
        "best f1 under pa": {
            "f1": 0.9800307219662052,
            "precision": 0.9608433734939759,
            "recall": 1.0,
            "threshold": 3.0049782150415967e-05
        },
        "event-based f1 under pa with mode log": {
            "f1": 0.8888888888888884,
            "precision": 0.8571428571428571,
            "recall": 0.9230769230769231,
            "threshold": 7.945934001159971e-05
        },
        "event-based f1 under pa with mode squeeze": {
            "f1": 0.7826086956521733,
            "precision": 0.6923076923076922,
            "recall": 0.8999999999999998,
            "threshold": 7.945934001159971e-05
        }
    },
    "machine-2-4": {
        "best f1 under pa": {
            "f1": 0.9972206781545297,
            "precision": 0.9944567627494457,
            "recall": 1.0,
            "threshold": 0.01758227045070919
        },
        "event-based f1 under pa with mode log": {
            "f1": 0.9217391304347821,
            "precision": 0.8983050847457628,
            "recall": 0.9464285714285714,
            "threshold": 0.022214958183063127
        },
        "event-based f1 under pa with mode squeeze": {
            "f1": 0.8444444444444439,
            "precision": 0.76,
            "recall": 0.95,
            "threshold": 0.022214958183063127
        }
    },
    "machine-2-5": {
        "best f1 under pa": {
            "f1": 0.9725638599810779,
            "precision": 0.9990281827016521,
            "recall": 0.9474654377880184,
            "threshold": 0.1430538339309725
        },
        "event-based f1 under pa with mode log": {
            "f1": 0.9320388349514558,
            "precision": 0.9795918367346939,
            "recall": 0.8888888888888888,
            "threshold": 0.1430538339309725
        },
        "event-based f1 under pa with mode squeeze": {
            "f1": 0.9268292682926823,
            "precision": 0.95,
            "recall": 0.9047619047619048,
            "threshold": 0.1430538339309725
        }
    },
    "machine-2-6": {
        "best f1 under pa": {
            "f1": 0.9547960308710027,
            "precision": 0.9708520179372198,
            "recall": 0.9392624728850325,
            "threshold": 0.002019111637179382
        },
        "event-based f1 under pa with mode log": {
            "f1": 0.7547169811320751,
            "precision": 0.7142857142857143,
            "recall": 0.8,
            "threshold": 0.003560457690382086
        },
        "event-based f1 under pa with mode squeeze": {
            "f1": 0.5454545454545449,
            "precision": 0.4285714285714285,
            "recall": 0.7499999999999999,
            "threshold": 0.003560457690382086
        }
    },
    "machine-2-7": {
        "best f1 under pa": {
            "f1": 0.9539906103286379,
            "precision": 0.927007299270073,
            "recall": 0.9825918762088974,
            "threshold": 0.022488974747850877
        },
        "event-based f1 under pa with mode log": {
            "f1": 0.7532467532467528,
            "precision": 0.90625,
            "recall": 0.6444444444444445,
            "threshold": 0.04138260952607914
        },
        "event-based f1 under pa with mode squeeze": {
            "f1": 0.685714285714285,
            "precision": 0.7999999999999999,
            "recall": 0.6,
            "threshold": 0.04138260952607914
        }
    },
    "machine-2-8": {
        "best f1 under pa": {
            "f1": 0.9999999999999996,
            "precision": 1.0,
            "recall": 1.0,
            "threshold": 1.0
        },
        "event-based f1 under pa with mode log": {
            "f1": 0.9999999999999993,
            "precision": 0.9999999999999998,
            "recall": 0.9999999999999998,
            "threshold": 1.0
        },
        "event-based f1 under pa with mode squeeze": {
            "f1": 0.9999999999999983,
            "precision": 0.9999999999999989,
            "recall": 0.9999999999999989,
            "threshold": 1.0
        }
    },
    "machine-2-9": {
        "best f1 under pa": {
            "f1": 0.9783197831978314,
            "precision": 0.9575596816976127,
            "recall": 1.0,
            "threshold": 2.2346510618539246e-06
        },
        "event-based f1 under pa with mode log": {
            "f1": 0.7540983606557371,
            "precision": 0.9583333333333334,
            "recall": 0.6216216216216216,
            "threshold": 0.10038889669136462
        },
        "event-based f1 under pa with mode squeeze": {
            "f1": 0.6249999999999994,
            "precision": 0.8333333333333333,
            "recall": 0.4999999999999999,
            "threshold": 0.10038889669136462
        }
    }
}