{
    "machine-2-1": {
        "best f1 under pa": {
            "f1": 0.9775999999999995,
            "precision": 0.9660079051383399,
            "recall": 0.9894736842105263,
            "threshold": 0.0011141633115395032
        },
        "event-based f1 under pa with mode log": {
            "f1": 0.7761194029850741,
            "precision": 0.9629629629629629,
            "recall": 0.65,
            "threshold": 0.008260396560102962
        },
        "event-based f1 under pa with mode squeeze": {
            "f1": 0.7272727272727266,
            "precision": 0.8888888888888887,
            "recall": 0.6153846153846153,
            "threshold": 0.008260396560102962
        }
    },
    "machine-2-2": {
        "best f1 under pa": {
            "f1": 0.9853292391675191,
            "precision": 0.9710827168796234,
            "recall": 1.0,
            "threshold": 0.004118574949934332
        },
        "event-based f1 under pa with mode log": {
            "f1": 0.6436781609195398,
            "precision": 0.56,
            "recall": 0.7567567567567568,
            "threshold": 0.02749248746699542
        },
        "event-based f1 under pa with mode squeeze": {
            "f1": 0.42857142857142805,
            "precision": 0.9999999999999997,
            "recall": 0.2727272727272727,
            "threshold": 0.698650266472158
        }
    },
    "machine-2-3": {
        "best f1 under pa": {
            "f1": 0.9778481012658221,
            "precision": 0.987220447284345,
            "recall": 0.9686520376175548,
            "threshold": 8.673288738114312e-05
        },
        "event-based f1 under pa with mode log": {
            "f1": 0.8888888888888884,
            "precision": 0.8571428571428571,
            "recall": 0.9230769230769231,
            "threshold": 8.673288738114312e-05
        },
        "event-based f1 under pa with mode squeeze": {
            "f1": 0.7826086956521733,
            "precision": 0.6923076923076922,
            "recall": 0.8999999999999998,
            "threshold": 8.673288738114312e-05
        }
    },
    "machine-2-4": {
        "best f1 under pa": {
            "f1": 0.9969435954431781,
            "precision": 0.9939058171745152,
            "recall": 1.0,
            "threshold": 0.01641373145394312
        },
        "event-based f1 under pa with mode log": {
            "f1": 0.9217391304347821,
            "precision": 0.8983050847457628,
            "recall": 0.9464285714285714,
            "threshold": 0.021247393740285718
        },
        "event-based f1 under pa with mode squeeze": {
            "f1": 0.8444444444444439,
            "precision": 0.76,
            "recall": 0.95,
            "threshold": 0.021247393740285718
        }
    },
    "machine-2-5": {
        "best f1 under pa": {
            "f1": 0.9878731343283577,
            "precision": 1.0,
            "recall": 0.976036866359447,
            "threshold": 0.1607960060956801
        },
        "event-based f1 under pa with mode log": {
            "f1": 0.9714285714285709,
            "precision": 1.0,
            "recall": 0.9444444444444444,
            "threshold": 0.1607960060956801
        },
        "event-based f1 under pa with mode squeeze": {
            "f1": 0.9756097560975604,
            "precision": 1.0,
            "recall": 0.9523809523809523,
            "threshold": 0.1607960060956801
        }
    },
    "machine-2-6": {
        "best f1 under pa": {
            "f1": 0.9569060773480657,
            "precision": 0.9752252252252253,
            "recall": 0.9392624728850325,
            "threshold": 0.0019876771720533444
        },
        "event-based f1 under pa with mode log": {
            "f1": 0.7586206896551719,
            "precision": 0.6666666666666666,
            "recall": 0.88,
            "threshold": 0.0019876771720533444
        },
        "event-based f1 under pa with mode squeeze": {
            "f1": 0.538461538461538,
            "precision": 0.3888888888888889,
            "recall": 0.8749999999999998,
            "threshold": 0.0019876771720533444
        }
    },
    "machine-2-7": {
        "best f1 under pa": {
            "f1": 0.9539906103286379,
            "precision": 0.927007299270073,
            "recall": 0.9825918762088974,
            "threshold": 0.029689441484563754
        },
        "event-based f1 under pa with mode log": {
            "f1": 0.8048780487804873,
            "precision": 0.8918918918918919,
            "recall": 0.7333333333333333,
            "threshold": 0.05119799447374298
        },
        "event-based f1 under pa with mode squeeze": {
            "f1": 0.7368421052631572,
            "precision": 0.7777777777777778,
            "recall": 0.7,
            "threshold": 0.05119799447374298
        }
    },
    "machine-2-8": {
        "best f1 under pa": {
            "f1": 0.9999999999999996,
            "precision": 1.0,
            "recall": 1.0,
            "threshold": 1.0
        },
        "event-based f1 under pa with mode log": {
            "f1": 0.9999999999999993,
            "precision": 0.9999999999999998,
            "recall": 0.9999999999999998,
            "threshold": 1.0
        },
        "event-based f1 under pa with mode squeeze": {
            "f1": 0.9999999999999983,
            "precision": 0.9999999999999989,
            "recall": 0.9999999999999989,
            "threshold": 1.0
        }
    },
    "machine-2-9": {
        "best f1 under pa": {
            "f1": 0.9815116911364867,
            "precision": 0.9636946075814202,
            "recall": 1.0,
            "threshold": 3.501455735927444e-06
        },
        "event-based f1 under pa with mode log": {
            "f1": 0.7540983606557371,
            "precision": 0.9583333333333334,
            "recall": 0.6216216216216216,
            "threshold": 0.10038992418208403
        },
        "event-based f1 under pa with mode squeeze": {
            "f1": 0.6249999999999994,
            "precision": 0.8333333333333333,
            "recall": 0.4999999999999999,
            "threshold": 0.10038992418208403
        }
    }
}