{
    "best f1 under pa": {
        "f1": 0.9775876958138833,
        "precision": 0.971532555299174,
        "recall": 0.9843103856769417
    },
    "event-based f1 under pa with mode log": {
        "f1": 0.8241346654064889,
        "precision": 0.8695434885609402,
        "recall": 0.8034685784685786
    },
    "event-based f1 under pa with mode squeeze": {
        "f1": 0.7295439328224756,
        "precision": 0.8170112603445935,
        "recall": 0.7214304214304212
    }
}