{
    "train_and_valid": 526.1941185000001,
    "test": 159.16232119999995
}